data,pixels_validos,ndvi,fai,ndci,ndti,cdom,ndwi,ndmi,frac_agua,area_agua_ha,frac_cobertura_flutuante,area_cobertura_flutuante_ha,frac_floracao,area_floracao_ha,fracao_valida,nuvem_pct,confianca,ndvi_z,ndvi_status,ndvi_confirmado,fai_z,fai_status,fai_confirmado,ndci_z,ndci_status,ndci_confirmado,ndti_z,ndti_status,ndti_confirmado,cdom_z,ndwi_z,ndmi_z,combinacoes
2016-07-19,8761,0.037482,0.040175,0.02887,0.003835,0.992461,-0.04131,0.052163,0.0039,0.34,0.9958,87.24,0.0009,0.08,1.0,0.0,ALTA,0.5578,NORMAL,NAO,1.0943,NORMAL,NAO,-0.8363,NORMAL,NAO,1.7543,ATENCAO,NAO,-1.7195,-1.0846,-0.7286,
2016-08-28,2696,0.154944,0.031405,0.12579,-0.134205,1.325571,-0.037086,0.051614,0.4852,13.08,0.4599,12.4,0.553,14.91,0.3077,69.2,MEDIA,2.1362,ALERTA,NAO,2.0128,ALERTA,NAO,1.401,NORMAL,NAO,-0.1188,NORMAL,NAO,0.1147,-2.2751,-0.6367,Expansão de vegetação flutuante
2016-09-17,6227,0.009193,0.017845,0.054455,-0.113255,1.262136,0.095974,0.107901,0.5956,37.09,0.365,22.73,0.2351,14.64,0.7108,28.9,ALTA,0.8507,NORMAL,NAO,0.7466,NORMAL,NAO,-1.2893,NORMAL,NAO,0.0132,NORMAL,NAO,-0.0661,-1.0805,0.0879,
2016-10-27,908,-0.053281,0.022156,0.051659,-0.018066,1.045921,0.066714,0.127346,0.4879,4.43,0.4152,3.77,0.2192,1.99,0.1036,89.6,BAIXA,0.8051,NORMAL,,0.6656,NORMAL,,-0.5742,NORMAL,,0.7592,NORMAL,,-0.7798,-0.9924,0.6479,
2016-12-06,4528,0.122172,0.051111,0.142292,-0.100782,1.23406,-0.049582,0.069452,0.5168,23.4,0.4214,19.08,0.5024,22.75,0.5168,48.3,MEDIA,1.2737,NORMAL,NAO,2.6324,ALERTA,NAO,0.2638,NORMAL,NAO,0.2536,NORMAL,NAO,-0.353,-1.4942,0.4448,
2016-12-16,575,0.278054,0.090653,0.090069,-0.050196,1.106381,-0.232162,0.111347,0.0017,0.01,0.9948,5.72,0.3548,2.04,0.0656,93.4,BAIXA,2.0809,ALERTA,,6.0367,ALERTA,,-0.6676,NORMAL,,0.8995,NORMAL,,-1.0621,-2.5516,0.5776,Expansão de vegetação flutuante
2017-01-15,6361,0.053722,0.043536,0.091475,-0.1274,1.300998,0.048922,0.053903,0.5685,36.16,0.3842,24.44,0.3786,24.08,0.7261,27.4,ALTA,1.802,ATENCAO,NAO,1.8646,ATENCAO,NAO,-0.9874,NORMAL,NAO,0.4504,NORMAL,NAO,-0.4371,-1.8671,0.1777,Expansão de vegetação flutuante
2017-05-15,8761,-0.139551,0.014678,0.031228,-0.093392,1.213515,0.207706,0.178838,0.7161,62.74,0.2381,20.86,0.2689,23.56,1.0,0.0,ALTA,-0.8151,NORMAL,NAO,-0.1755,NORMAL,NAO,-0.9771,NORMAL,NAO,0.1301,NORMAL,NAO,-0.2183,0.8493,0.2453,
2017-06-24,4219,0.123645,0.035909,0.046671,-0.071383,1.161759,-0.055101,0.023823,0.2626,11.08,0.6305,26.6,0.1548,6.53,0.4816,51.8,MEDIA,1.7882,ATENCAO,NAO,1.715,ATENCAO,NAO,-0.0525,NORMAL,NAO,0.1163,NORMAL,NAO,-0.1639,-1.734,-1.4145,Expansão de vegetação flutuante
2017-07-14,8761,0.100437,0.054534,0.04332,-0.002113,1.005638,-0.098536,0.020465,0.007,0.61,0.9695,84.94,0.077,6.75,1.0,0.0,ALTA,1.0443,NORMAL,NAO,1.9121,ATENCAO,NAO,-0.5278,NORMAL,NAO,1.6524,ATENCAO,NAO,-1.6264,-1.4752,-1.0882,
2017-07-29,8721,0.126015,0.051986,0.06097,-0.07705,1.193387,-0.057142,0.024292,0.271,23.63,0.6864,59.86,0.257,22.41,0.9954,0.5,ALTA,1.242,NORMAL,NAO,1.7669,ATENCAO,NAO,-0.151,NORMAL,NAO,0.3696,NORMAL,NAO,-0.3001,-1.1927,-1.0447,
2017-09-07,8356,-0.10621,0.014204,0.051992,-0.04907,1.108881,0.14445,0.121187,0.6654,55.6,0.2903,24.26,0.2957,24.71,0.9538,4.6,ALTA,-0.5313,NORMAL,NAO,0.2949,NORMAL,NAO,-1.3604,NORMAL,NAO,1.1946,NORMAL,NAO,-1.2086,-0.2634,0.2236,
2017-09-12,8449,-0.070158,0.011235,0.079813,-0.039143,1.086282,0.1033,0.093761,0.6614,55.88,0.2841,24.0,0.3289,27.79,0.9644,3.6,ALTA,-0.0996,NORMAL,NAO,-0.0734,NORMAL,NAO,-0.5567,NORMAL,NAO,1.3773,NORMAL,NAO,-1.3771,-0.957,-0.0565,
2017-11-11,8537,-0.068381,0.022982,0.098853,-0.121168,1.283622,0.16103,0.001493,0.6988,59.66,0.2501,21.35,0.3577,30.54,0.9744,2.6,ALTA,-0.4523,NORMAL,NAO,0.0487,NORMAL,NAO,-0.0055,NORMAL,NAO,-0.2243,NORMAL,NAO,0.1832,0.6452,-0.1714,
2017-11-16,7376,0.026554,0.029853,0.08957,-0.111421,1.255909,0.068358,-0.007742,0.601,44.33,0.3342,24.65,0.3613,26.65,0.8419,15.8,ALTA,0.4559,NORMAL,NAO,0.4834,NORMAL,NAO,-0.2884,NORMAL,NAO,-0.0886,NORMAL,NAO,0.0044,-0.4536,-0.2255,
2017-11-26,6014,-0.205933,0.024788,0.077133,-0.159826,1.387942,0.302788,-0.123975,0.7082,42.59,0.2649,15.93,0.3389,20.38,0.6865,31.4,MEDIA,-1.7682,NORMAL,NAO,0.1629,NORMAL,NAO,-0.6675,NORMAL,NAO,-0.7628,NORMAL,NAO,0.8562,2.326,-0.9057,
2017-12-16,4843,0.145923,0.044324,0.084881,-0.150858,1.364306,-0.010552,0.113105,0.4823,23.36,0.4675,22.64,0.369,17.87,0.5528,44.7,MEDIA,1.3967,NORMAL,NAO,2.0481,ALERTA,NAO,-0.7601,NORMAL,NAO,-0.3857,NORMAL,NAO,0.3704,-1.2682,0.5832,
2018-01-05,1875,0.365317,0.083916,0.201358,-0.119973,1.283189,-0.283199,0.193762,0.2981,5.59,0.6,11.25,0.6731,12.62,0.214,78.6,BAIXA,7.2529,ALERTA,,5.5369,ALERTA,,2.4235,ALERTA,,0.8241,NORMAL,,-0.7667,-7.5236,2.7553,Expansão de vegetação flutuante
2018-01-30,3623,0.372991,0.152049,0.104139,-0.04139,1.087002,-0.337324,0.17785,0.0,0.0,1.0,36.23,0.4965,17.99,0.4135,58.6,MEDIA,7.3871,ALERTA,NAO,11.7332,ALERTA,SIM,-0.5943,NORMAL,NAO,4.7779,ALERTA,NAO,-4.3983,-8.4454,2.462,Expansão de vegetação flutuante
2018-02-04,4299,0.121232,0.068076,0.088265,-0.106859,1.244808,-0.034182,0.114112,0.4264,18.33,0.5559,23.9,0.3778,16.24,0.4907,50.9,MEDIA,0.6481,NORMAL,NAO,0.5887,NORMAL,NAO,-1.2565,NORMAL,NAO,0.7125,NORMAL,NAO,-0.784,-0.6729,0.4946,
2018-02-09,6836,0.442376,0.176641,0.135965,-0.060922,1.140089,-0.394785,0.157195,0.0032,0.22,0.983,67.2,0.8534,58.34,0.7803,22.0,ALTA,2.5657,ALERTA,NAO,2.8318,ALERTA,NAO,0.0784,NORMAL,NAO,2.0176,ALERTA,NAO,-1.9491,-2.6161,1.0311,Expansão de vegetação flutuante
2018-02-24,1141,0.188742,0.049129,0.074015,-0.080249,1.181951,-0.113452,0.049669,0.135,1.54,0.7677,8.76,0.3436,3.92,0.1302,87.0,BAIXA,1.0512,NORMAL,,0.1972,NORMAL,,-1.6553,NORMAL,,1.4685,NORMAL,,-1.4834,-1.1001,-0.3078,
2018-03-01,1372,0.096659,0.039193,0.064557,-0.111671,1.26229,0.006661,0.111055,0.4628,6.35,0.4723,6.48,0.3265,4.48,0.1566,84.3,BAIXA,1.1128,NORMAL,,4.6612,ALERTA,,-2.127,NORMAL,,1.4477,NORMAL,,-1.2963,-1.2899,0.3469,
2018-03-11,2613,0.19691,0.057323,0.105315,-0.081686,1.184952,-0.124256,0.087498,0.1967,5.14,0.7195,18.8,0.4543,11.87,0.2983,70.2,BAIXA,2.4241,ALERTA,,8.987,ALERTA,,-1.122,NORMAL,,2.6409,ALERTA,,-2.3782,-2.8531,0.0812,Expansão de vegetação flutuante
2018-03-16,5350,0.276589,0.085614,0.128613,-0.055423,1.124801,-0.228317,0.073931,0.1153,6.17,0.7989,42.74,0.7073,37.84,0.6107,38.9,MEDIA,3.4662,ALERTA,SIM,15.7373,ALERTA,SIM,-0.5476,NORMAL,NAO,3.686,ALERTA,SIM,-3.2197,-4.0956,-0.0718,Expansão de vegetação flutuante
2018-04-05,3840,-0.096589,0.02382,0.069083,-0.162538,1.391278,0.222116,0.145879,0.7432,28.54,0.2406,9.24,0.2656,10.2,0.4383,56.2,MEDIA,-1.2269,NORMAL,NAO,-0.1009,NORMAL,NAO,-0.9742,NORMAL,NAO,-0.3166,NORMAL,NAO,0.1494,2.4976,-0.1259,
2018-04-10,8611,0.073599,0.030218,0.115133,-0.143427,1.339935,0.044232,0.060875,0.6119,52.69,0.3199,27.55,0.4008,34.51,0.9829,1.7,ALTA,0.345,NORMAL,NAO,0.3469,NORMAL,NAO,-0.5314,NORMAL,NAO,-0.0627,NORMAL,NAO,-0.0877,-0.7559,-1.1374,
2018-04-20,8761,0.04617,0.026789,0.112708,-0.119178,1.274816,0.049195,0.096039,0.6032,52.85,0.3236,28.35,0.4071,35.67,1.0,0.0,ALTA,0.0916,NORMAL,NAO,0.1069,NORMAL,NAO,-0.5547,NORMAL,NAO,0.2594,NORMAL,NAO,-0.3883,-0.6652,-0.719,
2018-04-25,8761,0.063833,0.02996,0.096595,-0.165122,1.403761,0.072586,0.097712,0.6168,54.04,0.3307,28.97,0.39,34.17,1.0,0.0,ALTA,0.2548,NORMAL,NAO,0.3289,NORMAL,NAO,-0.7096,NORMAL,NAO,-0.3509,NORMAL,NAO,0.207,-0.2373,-0.6991,
2018-05-15,8575,0.000952,0.022554,0.080293,-0.081176,1.181817,0.065758,0.107209,0.6356,54.5,0.3127,26.81,0.3412,29.26,0.9788,2.1,ALTA,0.2709,NORMAL,NAO,0.3261,NORMAL,NAO,-0.1435,NORMAL,NAO,0.3142,NORMAL,NAO,-0.4101,-0.531,-0.341,
2018-05-20,8761,-0.100617,0.017892,0.064286,-0.042213,1.097298,0.129553,0.183775,0.6629,58.08,0.2891,25.33,0.3182,27.88,1.0,0.0,ALTA,-0.5142,NORMAL,NAO,0.0292,NORMAL,NAO,-0.4155,NORMAL,NAO,0.9013,NORMAL,NAO,-0.9213,0.0894,0.2857,
2018-05-25,873,0.144775,0.035026,0.053204,-0.078729,1.172652,-0.067332,0.063856,0.181,1.58,0.7801,6.81,0.1397,1.22,0.0996,90.0,BAIXA,1.3826,NORMAL,,1.1206,NORMAL,,-0.6037,NORMAL,,0.351,NORMAL,,-0.4655,-1.8251,-0.6959,
2018-05-30,8761,0.095712,0.035961,0.072915,-0.057328,1.129916,-0.046544,0.06337,0.3782,33.13,0.5407,47.37,0.311,27.25,1.0,0.0,ALTA,1.0034,NORMAL,NAO,1.1801,NORMAL,NAO,-0.2689,NORMAL,NAO,0.6735,NORMAL,NAO,-0.724,-1.623,-0.6999,
2018-06-09,8761,-0.009149,0.022278,0.066344,-0.061181,1.137253,0.058451,0.222097,0.5943,52.07,0.3445,30.18,0.3626,31.77,1.0,0.0,ALTA,0.7336,NORMAL,NAO,0.7739,NORMAL,NAO,0.3791,NORMAL,NAO,0.2934,NORMAL,NAO,-0.3393,-0.8404,0.3,
2018-06-14,7009,-0.068417,0.013883,0.057937,-0.040068,1.090524,0.099986,0.179906,0.6477,45.4,0.2908,20.38,0.3117,21.85,0.8,20.0,ALTA,0.263,NORMAL,NAO,0.1943,NORMAL,NAO,0.1947,NORMAL,NAO,0.6597,NORMAL,NAO,-0.6739,-0.5136,-0.0648,
2018-06-24,8761,-0.031666,0.017373,0.094315,-0.064776,1.145398,0.083492,0.103203,0.6172,54.07,0.3056,26.77,0.4119,36.09,1.0,0.0,ALTA,0.5548,NORMAL,NAO,0.4353,NORMAL,NAO,0.9929,NORMAL,NAO,0.231,NORMAL,NAO,-0.281,-0.6434,-0.7281,
2018-06-29,8761,0.054204,0.025656,0.041666,-0.001519,1.004742,-0.05293,-0.019024,0.0305,2.67,0.6537,57.27,0.0552,4.84,1.0,0.0,ALTA,1.2367,NORMAL,NAO,1.0071,NORMAL,NAO,-0.1623,NORMAL,NAO,1.3286,NORMAL,NAO,-1.2882,-1.717,-1.7849,
2018-07-14,8761,0.072389,0.025088,0.131163,-0.115809,1.270928,0.023915,0.13592,0.565,49.5,0.3477,30.46,0.4662,40.84,1.0,0.0,ALTA,0.8276,NORMAL,NAO,0.2351,NORMAL,NAO,1.3475,NORMAL,NAO,-0.2939,NORMAL,NAO,0.2477,-0.6394,0.2213,
2018-07-19,8761,0.106939,0.025787,0.129265,-0.109766,1.256852,-0.00999,0.122879,0.5509,48.26,0.3657,32.04,0.4735,41.48,1.0,0.0,ALTA,1.0946,NORMAL,NAO,0.2749,NORMAL,NAO,1.307,NORMAL,NAO,-0.1905,NORMAL,NAO,0.1483,-0.8708,0.0734,
2018-08-28,2771,0.077626,0.035929,0.057712,-0.087138,1.198194,-0.001015,0.061525,0.3822,10.59,0.5835,16.17,0.2887,8.0,0.3163,68.4,MEDIA,1.4002,NORMAL,NAO,2.4596,ALERTA,NAO,-0.4796,NORMAL,NAO,0.7414,NORMAL,NAO,-0.8119,-1.8975,-0.5574,
2018-09-07,8491,-0.068679,0.010347,0.08039,-0.036238,1.083551,0.096387,0.279331,0.6542,55.55,0.2995,25.43,0.3137,26.64,0.9692,3.1,ALTA,-0.0819,NORMAL,NAO,-0.1836,NORMAL,NAO,-0.54,NORMAL,NAO,1.4308,NORMAL,NAO,-1.3974,-1.0735,1.8386,
2018-09-22,8569,0.015867,0.024382,0.143918,-0.132905,1.312317,0.090314,0.092525,0.6004,51.45,0.339,29.05,0.54,46.27,0.9781,2.2,ALTA,0.9306,NORMAL,NAO,1.5575,ATENCAO,NAO,1.2953,NORMAL,NAO,-0.3485,NORMAL,NAO,0.308,-1.1759,-0.0691,
2018-10-22,1974,-0.054172,0.00415,0.050025,0.022106,0.962302,0.032072,0.19708,0.5785,11.42,0.3095,6.11,0.1682,3.32,0.2253,77.5,BAIXA,0.8,NORMAL,,-0.3479,NORMAL,,-0.615,NORMAL,,1.2999,NORMAL,,-1.2716,-1.1895,0.8928,
2018-10-27,3539,-0.065977,0.01557,0.028911,-0.044521,1.100222,0.103116,0.03581,0.5403,19.12,0.3826,13.54,0.2043,7.23,0.4039,59.6,MEDIA,0.7332,NORMAL,NAO,0.2949,NORMAL,NAO,-1.1421,NORMAL,NAO,0.403,NORMAL,NAO,-0.4604,-0.7853,0.3263,
2018-11-16,6483,0.086361,0.039737,0.094424,-0.128297,1.309096,0.022956,0.009547,0.5073,32.89,0.4225,27.39,0.3799,24.63,0.74,26.0,ALTA,1.0281,NORMAL,NAO,1.1088,NORMAL,NAO,-0.1405,NORMAL,NAO,-0.3236,NORMAL,NAO,0.3475,-0.992,-0.1243,
2018-11-21,4738,0.08431,0.033912,0.06672,-0.120846,1.279494,0.026303,0.191802,0.6836,32.39,0.2839,13.45,0.2503,11.86,0.5408,45.9,MEDIA,1.0085,NORMAL,NAO,0.7403,NORMAL,NAO,-0.9848,NORMAL,NAO,-0.2199,NORMAL,NAO,0.1565,-0.9523,0.9424,
2018-11-26,95,0.012751,0.012762,0.019263,-0.090819,1.201665,0.07629,-0.041731,0.6842,0.65,0.2947,0.28,0.1053,0.1,0.0108,98.9,BAIXA,0.3239,NORMAL,,-0.598,NORMAL,,-2.4312,NORMAL,,0.1984,NORMAL,,-0.3455,-0.3596,-0.4244,
2018-12-06,8206,0.067776,0.030767,0.134266,-0.16236,1.392257,0.070769,0.029635,0.6799,55.79,0.2746,22.53,0.4138,33.96,0.9367,6.3,ALTA,0.9921,NORMAL,NAO,0.8809,NORMAL,NAO,0.1207,NORMAL,NAO,-0.5326,NORMAL,NAO,0.5256,-0.7972,0.3185,
2018-12-11,8640,0.05326,0.029155,0.122048,-0.128776,1.300161,0.056157,0.02839,0.6709,57.97,0.2721,23.51,0.3924,33.9,0.9862,1.4,ALTA,0.9169,NORMAL,NAO,0.7421,NORMAL,NAO,-0.0972,NORMAL,NAO,-0.1038,NORMAL,NAO,0.0141,-0.8819,0.3146,
2018-12-16,7038,-0.070134,0.031627,0.158505,-0.122005,1.288083,0.154368,-0.164094,0.5976,42.06,0.3339,23.5,0.5614,39.51,0.8033,19.7,ALTA,0.278,NORMAL,NAO,0.9549,NORMAL,NAO,0.553,NORMAL,NAO,-0.0173,NORMAL,NAO,-0.0529,-0.3131,-0.2959,
2018-12-21,8596,-0.514779,0.012019,0.092886,-0.098929,1.231626,0.545867,-0.640293,0.7362,63.28,0.2291,19.69,0.3471,29.84,0.9812,1.9,ALTA,-2.0242,NORMAL,NAO,-0.7332,NORMAL,NAO,-0.6173,NORMAL,NAO,0.2773,NORMAL,NAO,-0.3665,1.9542,-1.8061,
2018-12-31,2328,0.120972,0.038159,0.092749,-0.138802,1.330618,0.005063,0.110707,0.4721,10.99,0.4622,10.76,0.3621,8.43,0.2657,73.4,BAIXA,1.2675,NORMAL,,1.5173,ATENCAO,,-0.6198,NORMAL,,-0.2318,NORMAL,,0.1833,-1.1778,0.5756,
2019-01-10,3520,-0.296513,0.027344,0.051982,-0.121288,1.28606,0.349137,-0.454038,0.6264,22.05,0.3173,11.17,0.3332,11.73,0.4018,59.8,MEDIA,-4.3248,NORMAL,NAO,0.3921,NORMAL,NAO,-2.2134,NORMAL,NAO,0.7579,NORMAL,NAO,-0.7136,3.246,-9.1836,
2019-01-15,471,0.42873,0.193782,0.130367,-0.056635,1.138033,-0.384378,0.198559,0.0,0.0,1.0,4.71,0.7558,3.56,0.0538,94.6,BAIXA,8.3622,ALERTA,,15.5285,ALERTA,,0.2198,NORMAL,,4.0108,ALERTA,,-3.4537,-9.2468,2.8437,Expansão de vegetação flutuante
2019-01-25,1315,0.126121,0.061578,0.08259,-0.081196,1.187838,-0.057265,0.100899,0.2677,3.52,0.6814,8.96,0.3605,4.74,0.1501,85.0,BAIXA,3.0685,ALERTA,,3.5054,ALERTA,,-1.2633,NORMAL,,2.7751,ALERTA,,-2.5317,-3.6756,1.0438,Expansão de vegetação flutuante
2019-01-30,8599,-0.10759,0.023789,0.114957,-0.149446,1.357372,0.213034,-0.030629,0.7003,60.22,0.2532,21.77,0.365,31.39,0.9815,1.8,ALTA,-1.0199,NORMAL,NAO,0.0688,NORMAL,NAO,-0.2585,NORMAL,NAO,-0.6588,NORMAL,NAO,0.6064,0.928,-1.3802,
2019-02-09,8567,-0.006751,0.027022,0.121237,-0.165803,1.403344,0.136686,0.059349,0.6906,59.16,0.2573,22.04,0.3747,32.1,0.9779,2.2,ALTA,-0.1161,NORMAL,NAO,-0.2595,NORMAL,NAO,-0.3337,NORMAL,NAO,-0.9622,NORMAL,NAO,0.9798,0.2478,-0.1872,
2019-02-19,3631,-0.078581,0.034763,0.072082,-0.087238,1.201519,0.144841,0.120171,0.6067,22.03,0.36,13.07,0.2853,10.36,0.4145,58.6,MEDIA,-0.545,NORMAL,NAO,-0.0996,NORMAL,NAO,-1.7094,NORMAL,NAO,1.2699,NORMAL,NAO,-1.2657,0.2917,0.5701,
2019-02-24,6479,-0.040574,0.024877,0.147701,-0.096646,1.221311,0.114674,0.153481,0.6595,42.73,0.3115,20.18,0.5106,33.08,0.7395,26.0,ALTA,-0.3181,NORMAL,NAO,-0.3039,NORMAL,NAO,0.4069,NORMAL,NAO,1.0026,NORMAL,NAO,-1.0455,0.1292,0.9848,
2019-03-06,1236,0.21451,0.053696,0.106105,-0.061288,1.140475,-0.158434,0.014404,0.199,2.46,0.6998,8.65,0.5186,6.41,0.1411,85.9,BAIXA,2.6543,ALERTA,,8.1216,ALERTA,,-1.1026,NORMAL,,3.4526,ALERTA,,-3.0004,-3.2612,-0.7431,Expansão de vegetação flutuante
2019-03-31,2962,0.215851,0.055721,0.11752,-0.016885,1.078342,-0.205983,-0.043043,0.1131,3.35,0.6587,19.51,0.5601,16.59,0.3381,66.2,MEDIA,2.6718,ALERTA,NAO,8.6048,ALERTA,NAO,-0.8211,NORMAL,NAO,5.2195,ALERTA,NAO,-3.8696,-3.8289,-1.391,Expansão de vegetação flutuante
2019-04-10,256,0.03655,0.013737,0.025377,-0.056708,1.12384,0.019638,0.056516,0.5586,1.43,0.3633,0.93,0.082,0.21,0.0292,97.1,BAIXA,0.0028,NORMAL,,-0.8066,NORMAL,,-1.3944,NORMAL,,1.0892,NORMAL,,-1.0854,-1.2058,-1.1893,
2019-04-15,8493,-0.103691,0.011895,0.080662,-0.095487,1.214479,0.179908,0.166152,0.745,63.27,0.2176,18.48,0.2695,22.89,0.9694,3.1,ALTA,-1.2925,NORMAL,NAO,-0.9355,NORMAL,NAO,-0.8628,NORMAL,NAO,0.5741,NORMAL,NAO,-0.6669,1.7256,0.1154,
2019-04-20,266,0.182378,0.020684,0.036529,-0.115927,1.263389,-0.069844,0.090101,0.4098,1.09,0.1805,0.48,0.1729,0.46,0.0304,97.0,BAIXA,1.3497,NORMAL,,-0.3204,NORMAL,,-1.2872,NORMAL,,0.3026,NORMAL,,-0.4411,-2.8424,-0.7896,
2019-04-30,2756,0.04819,0.031562,0.070259,-0.118653,1.275302,0.054676,0.193059,0.4238,11.68,0.5417,14.93,0.2286,6.3,0.3146,68.5,MEDIA,0.1103,NORMAL,NAO,0.441,NORMAL,NAO,-0.9628,NORMAL,NAO,0.2663,NORMAL,NAO,-0.3861,-0.5649,0.4356,
2019-05-05,8761,-0.032872,0.017592,0.090153,-0.169725,1.413113,0.172843,0.105586,0.7278,63.76,0.2295,20.11,0.3551,31.11,1.0,0.0,ALTA,0.0095,NORMAL,NAO,0.0101,NORMAL,NAO,0.024,NORMAL,NAO,-1.0202,NORMAL,NAO,0.989,0.5103,-0.3543,
2019-05-25,1479,0.05152,0.028746,0.056685,-0.050332,1.111428,-0.0081,0.125033,0.4327,6.4,0.4652,6.88,0.2306,3.41,0.1688,83.1,BAIXA,0.6618,NORMAL,,0.7205,NORMAL,,-0.5446,NORMAL,,0.7789,NORMAL,,-0.8359,-1.2491,-0.1951,
2019-06-04,8761,-0.322615,-0.018838,-0.014441,0.025606,0.958604,0.301247,0.433228,0.8044,70.47,0.1664,14.58,0.1404,12.3,1.0,0.0,ALTA,-1.7556,NORMAL,NAO,-2.0647,NORMAL,NAO,-1.3933,NORMAL,NAO,1.7993,ATENCAO,NAO,-1.6185,1.0703,2.1256,
2019-06-09,8761,0.027073,0.027655,0.026836,-0.030387,1.06715,-0.001603,0.009149,0.2448,21.45,0.6346,55.6,0.1067,9.35,1.0,0.0,ALTA,1.0213,NORMAL,NAO,1.1451,NORMAL,NAO,-0.4877,NORMAL,NAO,0.8277,NORMAL,NAO,-0.8413,-1.313,-1.5413,
2019-06-19,4424,0.288106,0.072008,0.097336,-0.05697,1.138106,-0.23776,0.050063,0.0088,0.39,0.9152,40.49,0.4756,21.04,0.505,49.5,MEDIA,3.0942,ALERTA,NAO,4.2072,ALERTA,NAO,1.0591,NORMAL,NAO,0.3664,NORMAL,NAO,-0.3332,-3.1715,-1.1876,Expansão de vegetação flutuante
2019-06-29,6816,0.037892,0.024077,0.069816,-0.11971,1.279455,0.066493,0.135732,0.6228,42.45,0.3201,21.82,0.3069,20.92,0.778,22.2,ALTA,1.1072,NORMAL,NAO,0.8981,NORMAL,NAO,0.4553,NORMAL,NAO,-0.7222,NORMAL,NAO,0.6789,-0.7772,-0.4468,
2019-07-04,5814,0.11668,0.040678,0.046132,-0.003996,1.008635,-0.112881,0.006856,0.0181,1.05,0.7482,43.5,0.1185,6.89,0.6636,33.6,MEDIA,1.1699,NORMAL,NAO,1.1229,NORMAL,NAO,-0.4678,NORMAL,NAO,1.6202,ATENCAO,NAO,-1.6053,-1.5732,-1.2425,
2019-07-14,8761,-0.158097,0.008273,0.036033,-0.112644,1.268946,0.245055,-0.063378,0.7315,64.09,0.1996,17.49,0.2856,25.02,1.0,0.0,ALTA,-0.9537,NORMAL,NAO,-0.7226,NORMAL,NAO,-0.6834,NORMAL,NAO,-0.2397,NORMAL,NAO,0.2337,0.8701,-2.0391,
2019-07-24,5675,0.054542,0.018318,0.093637,-0.104794,1.252756,0.040737,0.055738,0.628,35.64,0.2726,15.47,0.3878,22.01,0.6478,35.2,MEDIA,0.6896,NORMAL,NAO,-0.1505,NORMAL,NAO,0.5464,NORMAL,NAO,-0.1053,NORMAL,NAO,0.1194,-0.5246,-0.6881,
2019-07-29,5987,0.178739,0.060756,0.08433,-0.059156,1.138791,-0.123982,0.003122,0.1804,10.8,0.7424,44.45,0.3304,19.78,0.6834,31.7,MEDIA,1.6495,ATENCAO,NAO,2.2664,ALERTA,NAO,0.3477,NORMAL,NAO,0.6759,NORMAL,NAO,-0.6858,-1.6489,-1.2849,Expansão de vegetação flutuante
2019-08-03,8761,-0.085521,0.012763,0.11277,-0.132059,1.331146,0.194416,0.088242,0.7106,62.26,0.225,19.71,0.4102,35.94,1.0,0.0,ALTA,-0.1526,NORMAL,NAO,0.1717,NORMAL,NAO,1.0414,NORMAL,NAO,-0.0796,NORMAL,NAO,0.1552,0.1483,-0.3438,
2019-08-08,5046,0.089283,0.025022,0.113755,-0.146285,1.369412,0.04663,0.06317,0.5826,29.4,0.3591,18.12,0.4788,24.16,0.576,42.4,MEDIA,1.5112,ATENCAO,NAO,1.3825,NORMAL,NAO,1.0686,NORMAL,NAO,-0.3395,NORMAL,NAO,0.4336,-1.3988,-0.5443,
2019-08-13,8761,-0.048815,0.011699,0.113456,-0.142403,1.35202,0.174329,0.115302,0.7194,63.03,0.2277,19.95,0.4052,35.5,1.0,0.0,ALTA,0.1967,NORMAL,NAO,0.0667,NORMAL,NAO,1.0603,NORMAL,NAO,-0.2686,NORMAL,NAO,0.3071,-0.062,-0.1274,
2019-08-18,4877,0.16658,0.032498,0.100543,-0.09398,1.21221,-0.074569,0.144144,0.529,25.8,0.3964,19.33,0.4613,22.5,0.5567,44.3,MEDIA,2.2469,ALERTA,NAO,2.1208,ALERTA,NAO,0.7036,NORMAL,NAO,0.6164,NORMAL,NAO,-0.71,-2.6675,0.1032,Expansão de vegetação flutuante
2019-08-28,1410,0.014785,0.011607,0.044712,-0.130956,1.3081,0.112429,0.08502,0.7191,10.14,0.2957,4.17,0.1539,2.17,0.1609,83.9,BAIXA,0.8021,NORMAL,,0.0576,NORMAL,,-0.8388,NORMAL,,-0.0594,NORMAL,,-0.0124,-0.7099,-0.3695,
2019-09-12,1503,0.114676,0.027526,0.092552,-0.119116,1.272643,0.003118,0.254288,0.676,10.16,0.356,5.35,0.3293,4.95,0.1716,82.8,BAIXA,2.1139,ALERTA,,1.9476,ATENCAO,,-0.1886,NORMAL,,-0.0947,NORMAL,,0.0122,-2.6456,1.5828,Expansão de vegetação flutuante
2019-09-17,8413,-0.086159,0.009543,0.143222,-0.119037,1.28206,0.19015,0.108017,0.7292,61.35,0.2268,19.08,0.7982,67.15,0.9603,4.0,ALTA,-0.2912,NORMAL,NAO,-0.2833,NORMAL,NAO,1.2752,NORMAL,NAO,-0.0933,NORMAL,NAO,0.0824,0.5068,0.0891,
2019-09-22,2526,-0.035354,0.009894,0.060316,0.011975,0.981944,0.022427,0.363706,0.6659,16.82,0.2549,6.44,0.1714,4.33,0.2883,71.2,BAIXA,0.3172,NORMAL,,-0.2398,NORMAL,,-1.12,NORMAL,,2.3182,ALERTA,,-2.1549,-2.3201,2.7002,
2019-09-27,8440,-0.277771,-0.014929,0.033397,0.007296,0.988252,0.271133,0.313857,0.8192,69.14,0.1491,12.58,0.1514,12.78,0.9634,3.7,ALTA,-2.5858,NORMAL,NAO,-3.3192,NORMAL,NAO,-1.8977,NORMAL,NAO,2.2321,ALERTA,NAO,-2.1079,1.8718,2.1911,
2019-10-02,6877,0.056153,0.016736,0.076019,-0.045183,1.095724,-0.013627,0.099455,0.7103,48.85,0.2164,14.88,0.2279,15.67,0.785,21.5,ALTA,1.4249,NORMAL,NAO,0.3605,NORMAL,NAO,0.0338,NORMAL,NAO,0.3941,NORMAL,NAO,-0.4868,-1.4496,0.5499,
2019-10-12,8447,-0.183382,0.007599,0.057799,-0.049745,1.109999,0.220015,-0.003651,0.7277,61.47,0.2159,18.24,0.2841,24.0,0.9642,3.6,ALTA,0.0682,NORMAL,NAO,-0.1537,NORMAL,NAO,-0.421,NORMAL,NAO,0.3327,NORMAL,NAO,-0.4029,-0.1201,0.1877,
2019-10-22,1456,-0.060303,0.012326,0.035684,-0.050573,1.112506,0.105177,0.102413,0.6332,9.22,0.2768,4.03,0.1724,2.51,0.1662,83.4,BAIXA,0.7653,NORMAL,,0.1123,NORMAL,,-0.973,NORMAL,,0.3216,NORMAL,,-0.3881,-0.7736,0.5603,
2019-11-16,1714,-0.112186,0.006973,0.044586,-0.086329,1.196566,0.186684,-0.003369,0.7865,13.48,0.1581,2.71,0.1604,2.75,0.1956,80.4,BAIXA,-0.8714,NORMAL,,-0.9643,NORMAL,,-1.6594,NORMAL,,0.2609,NORMAL,,-0.3784,0.9493,-0.1999,
2019-11-21,328,0.252695,0.079344,0.111665,-0.058294,1.130558,-0.203787,0.047456,0.1585,0.52,0.747,2.45,0.4726,1.55,0.0374,96.3,BAIXA,2.6193,ALERTA,,3.6149,ALERTA,,0.385,NORMAL,,0.6514,NORMAL,,-0.8043,-3.6804,0.0976,Expansão de vegetação flutuante
2019-12-01,1164,0.112066,0.042036,0.124069,-0.097179,1.229251,-0.030573,-0.032035,0.5687,6.62,0.3694,4.3,0.4674,5.44,0.1329,86.7,BAIXA,1.2214,NORMAL,,1.8511,ATENCAO,,-0.0612,NORMAL,,0.2996,NORMAL,,-0.3797,-1.3841,0.1229,
2019-12-06,2123,0.10887,0.037377,0.072645,-0.136755,1.327053,0.020455,0.1715,0.5794,12.3,0.3797,8.06,0.2817,5.98,0.2423,75.8,BAIXA,1.2049,NORMAL,,1.45,NORMAL,,-0.9783,NORMAL,,-0.2056,NORMAL,,0.1635,-1.0886,0.7684,
2019-12-11,4515,0.144375,0.04096,0.07233,-0.098028,1.224,-0.051939,0.054813,0.3493,15.77,0.577,26.05,0.322,14.54,0.5154,48.5,MEDIA,1.3887,NORMAL,NAO,1.7584,ATENCAO,NAO,-0.9839,NORMAL,NAO,0.2888,NORMAL,NAO,-0.4088,-1.5079,0.3983,
2019-12-26,8590,-0.212268,0.020969,0.083317,-0.142124,1.339365,0.30109,-0.142113,0.714,61.33,0.242,20.79,0.352,30.24,0.9805,2.0,ALTA,-0.4579,NORMAL,NAO,0.0373,NORMAL,NAO,-0.788,NORMAL,NAO,-0.2742,NORMAL,NAO,0.2319,0.5366,-0.2262,
2019-12-31,2399,0.240701,0.062263,0.08396,-0.080902,1.178831,-0.16453,0.107219,0.1351,3.24,0.7395,17.74,0.3331,7.99,0.2738,72.6,BAIXA,1.8875,ATENCAO,,3.5925,ALERTA,,-0.7765,NORMAL,,0.5075,NORMAL,,-0.6597,-2.1599,0.5645,Expansão de vegetação flutuante
2020-01-05,5986,0.199028,0.06045,0.124012,-0.101349,1.236826,-0.110789,0.121945,0.3974,23.79,0.5252,31.44,0.4883,29.23,0.6833,31.7,MEDIA,4.3439,ALERTA,NAO,3.4029,ALERTA,NAO,0.0225,NORMAL,NAO,1.7611,ATENCAO,NAO,-1.6249,-4.5872,1.4317,Expansão de vegetação flutuante
2020-01-10,3091,0.263865,0.06498,0.089577,-0.070093,1.153921,-0.198339,0.139029,0.0071,0.22,0.924,28.56,0.3151,9.74,0.3528,64.7,MEDIA,5.4782,ALERTA,SIM,3.8148,ALERTA,SIM,-1.0464,NORMAL,NAO,3.3337,ALERTA,NAO,-3.1596,-6.0783,1.7466,Expansão de vegetação flutuante
2020-01-15,5612,0.179797,0.072698,0.075026,-0.075066,1.172323,-0.111026,0.042157,0.1818,10.2,0.7951,44.62,0.2714,15.23,0.6406,35.9,MEDIA,4.0075,ALERTA,SIM,4.5167,ALERTA,SIM,-1.498,NORMAL,NAO,3.0835,ALERTA,SIM,-2.8189,-4.5912,-0.0388,Expansão de vegetação flutuante
2020-01-25,2375,0.083473,0.049245,0.096309,-0.070076,1.156911,-0.024083,0.132562,0.4665,11.08,0.4754,11.29,0.3575,8.49,0.2711,72.9,BAIXA,2.3225,ALERTA,,2.3838,ALERTA,,-0.8374,NORMAL,,3.3346,ALERTA,,-3.1042,-3.1105,1.6274,Expansão de vegetação flutuante
2020-02-09,2526,0.273342,0.087782,0.110375,-0.082185,1.192153,-0.200858,0.116512,0.1845,4.66,0.7648,19.32,0.5289,13.36,0.2883,71.2,BAIXA,1.5564,ATENCAO,,0.9958,NORMAL,,-0.6377,NORMAL,,1.4135,NORMAL,,-1.3699,-1.5711,0.5245,
2020-02-14,8555,0.013865,0.034091,0.149328,-0.145698,1.351914,0.10135,0.119767,0.644,55.09,0.3015,25.79,0.4715,40.34,0.9765,2.4,ALTA,0.007,NORMAL,NAO,-0.1135,NORMAL,NAO,0.4524,NORMAL,NAO,-0.391,NORMAL,NAO,0.4076,0.0574,0.5651,
2020-02-19,8572,-0.049199,0.028026,0.191454,-0.154239,1.377669,0.164051,-0.074459,0.6671,57.18,0.2729,23.39,0.6832,58.56,0.9784,2.2,ALTA,-0.3696,NORMAL,NAO,-0.2388,NORMAL,NAO,1.6314,ATENCAO,NAO,-0.6336,NORMAL,NAO,0.6942,0.3953,-1.8534,
2020-02-29,3962,-0.083696,0.016627,0.105931,-0.037427,1.090347,0.113073,0.352303,0.6676,26.45,0.3014,11.94,0.4692,18.59,0.4522,54.8,MEDIA,-0.5756,NORMAL,NAO,-0.4743,NORMAL,NAO,-0.7621,NORMAL,NAO,2.6851,ALERTA,NAO,-2.5026,0.1206,3.4605,
2020-03-05,2607,0.093128,0.036989,0.099097,-0.090674,1.205858,-0.009931,0.188022,0.4499,11.73,0.499,13.01,0.4208,10.97,0.2976,70.2,BAIXA,1.0667,NORMAL,,4.1353,ALERTA,,-1.2754,NORMAL,,2.2833,ALERTA,,-2.0858,-1.488,1.2149,
2020-03-10,8562,-0.030126,0.021494,0.143326,-0.141354,1.334302,0.145391,0.122751,0.7113,60.9,0.2402,20.57,0.4815,41.23,0.9773,2.3,ALTA,-0.5454,NORMAL,NAO,0.4382,NORMAL,NAO,-0.1848,NORMAL,NAO,0.2666,NORMAL,NAO,-0.2889,0.3666,0.4788,
2020-03-15,8515,0.028119,0.024936,0.145845,-0.133973,1.315179,0.087166,0.128247,0.6889,58.66,0.2565,21.84,0.5334,45.42,0.9719,2.8,ALTA,0.2164,NORMAL,NAO,1.2595,NORMAL,NAO,-0.1227,NORMAL,NAO,0.5603,NORMAL,NAO,-0.5565,-0.3286,0.5408,
2020-03-20,2221,0.126985,0.039439,0.143959,-0.093717,1.217564,-0.041014,0.17598,0.5052,11.22,0.4003,8.89,0.7118,15.81,0.2535,74.6,BAIXA,1.5095,ATENCAO,,4.7199,ALERTA,,-0.1692,NORMAL,,2.1622,ALERTA,,-1.922,-1.8591,1.0791,Expansão de vegetação flutuante
2020-03-25,3999,0.084713,0.046047,0.146597,-0.11719,1.27574,0.018911,0.135579,0.5286,21.14,0.4374,17.49,0.7404,29.61,0.4565,54.4,MEDIA,0.9566,NORMAL,NAO,6.2966,ALERTA,NAO,-0.1041,NORMAL,NAO,1.2281,NORMAL,NAO,-1.1082,-1.1436,0.6234,
2020-04-04,8469,0.083984,0.03339,0.258372,-0.159092,1.396024,0.05714,0.191139,0.6569,55.63,0.2985,25.28,0.9765,82.7,0.9667,3.3,ALTA,0.4409,NORMAL,NAO,0.569,NORMAL,NAO,0.8459,NORMAL,NAO,-0.2708,NORMAL,NAO,0.1713,-0.5199,0.4128,
2020-04-09,6729,0.098421,0.03505,0.289666,-0.200806,1.53407,0.085669,0.206313,0.676,45.49,0.3009,20.25,0.978,65.81,0.7681,23.2,ALTA,0.5742,NORMAL,NAO,0.6852,NORMAL,NAO,1.1468,NORMAL,NAO,-0.8249,NORMAL,NAO,0.8086,0.0019,0.5933,
2020-04-24,6665,0.205,0.049342,0.244805,-0.195183,1.559911,-0.016634,0.116222,0.4396,29.3,0.5838,38.91,0.8714,58.08,0.7608,23.9,ALTA,1.5586,ATENCAO,NAO,1.6855,ATENCAO,NAO,0.7155,NORMAL,NAO,-0.7502,NORMAL,NAO,0.9279,-1.8692,-0.4788,Expansão de vegetação flutuante
2020-04-29,8761,0.138293,0.031139,0.366259,-0.260602,1.770924,0.110512,0.224803,0.6939,60.79,0.2994,26.23,0.9935,87.04,1.0,0.0,ALTA,0.9425,NORMAL,NAO,0.4114,NORMAL,NAO,1.8833,ATENCAO,NAO,-1.6192,NORMAL,NAO,1.9021,0.4563,0.8134,
2020-05-04,7599,0.18979,0.046638,0.239726,-0.161062,1.432167,-0.037406,0.105027,0.4389,33.35,0.5355,40.69,0.8806,66.92,0.8674,13.3,ALTA,1.7305,ATENCAO,NAO,1.8602,ATENCAO,NAO,2.565,ALERTA,NAO,-0.8896,NORMAL,NAO,1.1043,-1.5341,-0.3589,Expansão de vegetação flutuante
2020-05-14,1825,-0.119269,0.012526,0.253913,-0.208369,2.095037,0.243412,-0.461953,0.5277,9.63,0.2208,4.03,0.6301,11.5,0.2083,79.2,BAIXA,-0.6584,NORMAL,,-0.3126,NORMAL,,2.806,ALERTA,,-1.6025,NORMAL,,5.1139,1.1965,-5.0001,
2020-05-19,8761,-0.015597,0.020847,0.103406,-0.098209,1.230922,0.098177,0.01656,0.6537,57.27,0.2628,23.02,0.4052,35.5,1.0,0.0,ALTA,0.143,NORMAL,NAO,0.2174,NORMAL,NAO,0.2491,NORMAL,NAO,0.0575,NORMAL,NAO,-0.1131,-0.2157,-1.0831,
2020-05-24,102,0.121049,0.025949,0.072223,-0.021442,1.052516,-0.100803,-0.043085,0.1569,0.16,0.6667,0.68,0.2745,0.28,0.0116,98.8,BAIXA,1.1992,NORMAL,,0.5424,NORMAL,,-0.2806,NORMAL,,1.2143,NORMAL,,-1.1922,-2.1506,-1.5713,
2020-05-29,8761,-0.131277,0.012867,0.047017,-0.09041,1.206285,0.202148,0.17296,0.7091,62.12,0.2438,21.36,0.2961,25.94,1.0,0.0,ALTA,-0.7512,NORMAL,NAO,-0.2909,NORMAL,NAO,-0.7088,NORMAL,NAO,0.175,NORMAL,NAO,-0.2621,0.7953,0.1972,
2020-06-08,8761,-0.223794,-0.002529,0.077483,-0.070521,1.156506,0.278675,0.24239,0.7852,68.79,0.18,15.77,0.2539,22.24,1.0,0.0,ALTA,-0.9709,NORMAL,NAO,-0.9388,NORMAL,NAO,0.6235,NORMAL,NAO,0.1313,NORMAL,NAO,-0.2015,0.8926,0.4755,
2020-06-23,8761,-0.2055,-0.001626,0.045395,-0.052721,1.114164,0.248085,0.242713,0.7877,69.01,0.1711,14.99,0.2172,19.03,1.0,0.0,ALTA,-0.8256,NORMAL,NAO,-0.8764,NORMAL,NAO,-0.0805,NORMAL,NAO,0.4401,NORMAL,NAO,-0.5047,0.6519,0.4783,
2020-07-03,4374,-0.034368,0.028788,0.064607,-0.077839,1.178334,0.09353,0.037834,0.5446,23.82,0.3791,16.58,0.3146,13.76,0.4993,50.1,MEDIA,0.0025,NORMAL,NAO,0.4458,NORMAL,NAO,-0.0734,NORMAL,NAO,0.3561,NORMAL,NAO,-0.4064,-0.1642,-0.8912,
2020-07-13,8761,-0.137728,0.006789,0.092704,-0.138085,1.32528,0.250215,0.192182,0.7644,66.97,0.1926,16.87,0.3561,31.2,1.0,0.0,ALTA,-0.7963,NORMAL,NAO,-0.8071,NORMAL,NAO,0.5264,NORMAL,NAO,-0.6752,NORMAL,NAO,0.6317,0.9053,0.8594,
2020-07-18,8761,-0.11505,0.005476,0.078229,-0.130141,1.303493,0.227306,0.217413,0.7775,68.12,0.1895,16.6,0.3696,32.38,1.0,0.0,ALTA,-0.621,NORMAL,NAO,-0.8819,NORMAL,NAO,0.2174,NORMAL,NAO,-0.5393,NORMAL,NAO,0.4778,0.7489,1.1456,
2020-07-23,8761,-0.107382,0.0097,0.080175,-0.126102,1.294283,0.211997,0.186357,0.7476,65.5,0.2063,18.07,0.3737,32.74,1.0,0.0,ALTA,-0.5618,NORMAL,NAO,-0.6413,NORMAL,NAO,0.259,NORMAL,NAO,-0.4701,NORMAL,NAO,0.4127,0.6444,0.7934,
2020-07-28,8761,-0.006717,0.013214,0.085327,-0.133815,1.314459,0.126569,0.150238,0.7326,64.18,0.2131,18.67,0.3707,32.48,1.0,0.0,ALTA,0.2162,NORMAL,NAO,-0.4412,NORMAL,NAO,0.3689,NORMAL,NAO,-0.6021,NORMAL,NAO,0.5553,0.0613,0.3837,
2020-08-02,8761,-0.134737,0.010423,0.052703,-0.155021,1.371924,0.257666,0.19026,0.7538,66.04,0.21,18.4,0.2887,25.29,1.0,0.0,ALTA,-0.6211,NORMAL,NAO,-0.0594,NORMAL,NAO,-0.618,NORMAL,NAO,-0.4992,NORMAL,NAO,0.4519,0.8104,0.472,
2020-08-12,1321,0.219193,0.050358,0.103386,-0.143585,1.337557,-0.087031,0.224557,0.5155,6.81,0.4724,6.24,0.4769,6.3,0.1508,84.9,BAIXA,2.7477,ALERTA,,3.8847,ALERTA,,0.7821,NORMAL,,-0.2902,NORMAL,,0.2019,-2.798,0.7462,Expansão de vegetação flutuante
2020-08-22,8761,-0.277019,-0.00913,0.010018,-0.018895,1.044035,0.291829,0.359333,0.7939,69.55,0.1752,15.35,0.1695,14.85,1.0,0.0,ALTA,-1.9754,NORMAL,NAO,-1.9904,NORMAL,NAO,-1.7972,NORMAL,NAO,1.9886,ATENCAO,NAO,-1.9334,1.1681,1.8239,
2020-08-27,5778,-0.144435,0.008613,0.016842,-0.101987,1.230744,0.225426,0.216879,0.7061,40.8,0.269,15.54,0.2272,13.13,0.6595,34.0,MEDIA,-0.7134,NORMAL,NAO,-0.2381,NORMAL,NAO,-1.6087,NORMAL,NAO,0.47,NORMAL,NAO,-0.5751,0.4729,0.6848,
2020-09-06,8360,-0.179061,0.008155,0.080048,-0.14016,1.331033,0.285179,-0.140532,0.7525,62.91,0.2071,17.31,0.313,26.17,0.9542,4.6,ALTA,-1.4037,NORMAL,NAO,-0.4555,NORMAL,NAO,-0.5499,NORMAL,NAO,-0.4821,NORMAL,NAO,0.4475,2.1085,-2.4491,
2020-09-11,8244,-0.01571,0.015676,0.098837,-0.132599,1.3092,0.132554,0.056235,0.7233,59.63,0.2256,18.6,0.3398,28.01,0.941,5.9,ALTA,0.5525,NORMAL,NAO,0.4775,NORMAL,NAO,-0.0071,NORMAL,NAO,-0.3429,NORMAL,NAO,0.2848,-0.4639,-0.4397,
2020-09-16,2917,0.05944,0.015811,0.096267,-0.082768,1.183805,0.018681,-0.058749,0.6874,20.05,0.2173,6.34,0.336,9.8,0.333,66.7,MEDIA,1.4524,NORMAL,NAO,0.4943,NORMAL,NAO,-0.0813,NORMAL,NAO,0.5743,NORMAL,NAO,-0.65,-2.3832,-1.6139,
2020-09-26,8445,-0.062876,0.018552,0.11286,-0.150903,1.360449,0.185456,-0.000391,0.7248,61.21,0.2304,19.46,0.4301,36.32,0.9639,3.6,ALTA,-0.0124,NORMAL,NAO,0.8343,NORMAL,NAO,0.3981,NORMAL,NAO,-0.6798,NORMAL,NAO,0.6668,0.4277,-1.0179,
2020-10-01,8435,-0.436386,0.011677,0.087895,-0.141377,1.335437,0.489462,-0.526113,0.7434,62.71,0.2191,18.48,0.3522,29.71,0.9628,3.7,ALTA,-1.3647,NORMAL,NAO,0.0758,NORMAL,NAO,0.3302,NORMAL,NAO,-0.9008,NORMAL,NAO,0.923,1.413,-1.6475,
2020-10-06,8417,-0.425282,0.013624,0.116113,-0.145223,1.346605,0.481846,-0.469024,0.7444,62.66,0.2228,18.75,0.4351,36.62,0.9607,3.9,ALTA,-1.3018,NORMAL,NAO,0.1854,NORMAL,NAO,1.0346,NORMAL,NAO,-0.9525,NORMAL,NAO,0.9887,1.3697,-1.4469,
2020-10-11,5885,0.057296,0.025276,0.089555,-0.131935,1.31358,0.058751,0.028723,0.6172,36.32,0.3084,18.15,0.3504,20.62,0.6717,32.8,MEDIA,1.4314,NORMAL,NAO,0.8412,NORMAL,NAO,0.3717,NORMAL,NAO,-0.7737,NORMAL,NAO,0.7945,-1.0377,0.3014,
2020-10-21,8524,-0.077753,0.025105,0.145559,-0.164311,1.40044,0.201055,-0.139496,0.7025,59.88,0.2474,21.09,0.517,44.07,0.9729,2.7,ALTA,0.6665,NORMAL,NAO,0.8316,NORMAL,NAO,1.7696,ATENCAO,NAO,-1.2095,NORMAL,NAO,1.3053,-0.228,-0.2894,
2020-11-05,8147,0.081425,0.034063,0.15678,-0.113324,1.264556,0.015376,0.005355,0.6296,51.29,0.2871,23.39,0.5482,44.66,0.9299,7.0,ALTA,0.9809,NORMAL,NAO,0.7498,NORMAL,NAO,1.7599,ATENCAO,NAO,-0.1151,NORMAL,NAO,0.0602,-1.0818,-0.1488,
2020-11-25,8558,0.010184,0.027961,0.125387,-0.122616,1.289618,0.093482,-0.060844,0.6714,57.46,0.2689,23.01,0.4276,36.59,0.9768,2.3,ALTA,0.2993,NORMAL,NAO,0.3637,NORMAL,NAO,0.8032,NORMAL,NAO,-0.2445,NORMAL,NAO,0.2219,-0.1557,-0.5362,
2020-12-10,4083,-0.123721,0.005755,0.045349,-0.054228,1.118135,0.169449,0.156213,0.698,28.5,0.2701,11.03,0.1756,7.17,0.466,53.4,MEDIA,0.0006,NORMAL,NAO,-1.2725,NORMAL,NAO,-1.4651,NORMAL,NAO,0.848,NORMAL,NAO,-0.9968,-0.2258,0.7199,
2020-12-30,8537,-0.189101,0.012257,0.105532,-0.104874,1.241322,0.264889,0.086706,0.7479,63.85,0.2249,19.2,0.3381,28.86,0.9744,2.6,ALTA,-0.338,NORMAL,NAO,-0.7127,NORMAL,NAO,-0.3918,NORMAL,NAO,0.2014,NORMAL,NAO,-0.3126,0.327,0.4995,
2021-01-04,7948,-0.064203,0.024166,0.085528,-0.104024,1.238888,0.146761,0.050091,0.6829,54.28,0.2699,21.45,0.346,27.5,0.9072,9.3,ALTA,-0.2609,NORMAL,NAO,0.1031,NORMAL,NAO,-1.1721,NORMAL,NAO,1.6265,ATENCAO,NAO,-1.5868,-0.2008,0.1074,
2021-01-09,2431,0.101502,0.064288,0.091274,-0.081523,1.182042,-0.034911,-0.039521,0.32,7.78,0.6516,15.84,0.4126,10.03,0.2775,72.3,BAIXA,2.6379,ALERTA,,3.7519,ALERTA,,-0.9937,NORMAL,,2.7586,ALERTA,,-2.639,-3.2949,-1.5441,Expansão de vegetação flutuante
2021-02-03,1686,0.146893,0.045286,0.086155,-0.084603,1.192718,-0.06849,0.048576,0.2883,4.86,0.6293,10.61,0.3618,6.1,0.1924,80.8,BAIXA,0.8013,NORMAL,,0.1178,NORMAL,,-1.3155,NORMAL,,1.3448,NORMAL,,-1.3636,-0.8578,-0.3214,
2021-02-08,924,0.137214,0.040248,0.057039,-0.089169,1.202986,-0.05339,0.084821,0.3615,3.34,0.5335,4.93,0.237,2.19,0.1055,89.5,BAIXA,0.7435,NORMAL,,0.0137,NORMAL,,-2.1304,NORMAL,,1.2151,NORMAL,,-1.2494,-0.7764,0.1299,
2021-02-18,8557,-0.152227,0.018999,0.092424,-0.165485,1.403883,0.266688,-0.048811,0.7255,62.08,0.2275,19.47,0.3368,28.82,0.9767,2.3,ALTA,-0.9848,NORMAL,NAO,-0.4253,NORMAL,NAO,-1.1401,NORMAL,NAO,-0.9532,NORMAL,NAO,0.9858,0.9483,-1.534,
2021-02-23,8526,0.059459,0.023329,0.116136,-0.14657,1.348553,0.067251,0.049902,0.6976,59.48,0.2382,20.31,0.3747,31.95,0.9732,2.7,ALTA,0.2793,NORMAL,NAO,-0.3358,NORMAL,NAO,-0.4765,NORMAL,NAO,-0.4158,NORMAL,NAO,0.3702,-0.1264,-0.3049,
2021-03-10,2103,-0.000508,0.026762,0.080254,-0.069779,1.15503,0.059199,0.105511,0.5197,10.93,0.4265,8.97,0.3305,6.95,0.24,76.0,BAIXA,-0.1581,NORMAL,,1.6952,ATENCAO,,-1.74,NORMAL,,3.1147,ALERTA,,-2.7968,-0.6626,0.2844,
2021-03-15,6146,0.080744,0.026185,0.108279,-0.119672,1.278279,0.026594,0.066428,0.5848,35.94,0.3368,20.7,0.4141,25.45,0.7015,29.8,ALTA,0.9047,NORMAL,NAO,1.5575,ATENCAO,NAO,-1.049,NORMAL,NAO,1.1294,NORMAL,NAO,-1.0727,-1.0519,-0.1564,
2021-03-20,8545,-0.081938,0.018148,0.149824,-0.19019,1.477365,0.227742,-0.124546,0.7224,61.73,0.2236,19.11,0.5333,45.57,0.9753,2.5,ALTA,-1.2231,NORMAL,NAO,-0.3602,NORMAL,NAO,-0.0245,NORMAL,NAO,-1.6767,NORMAL,NAO,1.7124,1.3499,-2.3101,
2021-03-25,1250,0.147144,0.041026,0.070313,-0.084184,1.186791,-0.06685,0.094103,0.2312,2.89,0.7008,8.76,0.2488,3.11,0.1427,85.7,BAIXA,1.7732,ATENCAO,,5.0986,ALERTA,,-1.9851,NORMAL,,2.5415,ALERTA,,-2.3525,-2.1676,0.1557,Expansão de vegetação flutuante
2021-04-09,8530,-0.010017,0.019989,0.087387,-0.083151,1.187138,0.079965,0.102326,0.6326,53.96,0.2878,24.55,0.3315,28.28,0.9736,2.6,ALTA,-0.4273,NORMAL,NAO,-0.369,NORMAL,NAO,-0.7982,NORMAL,NAO,0.7379,NORMAL,NAO,-0.7931,-0.1024,-0.6441,
2021-04-19,2998,0.201926,0.048269,0.091437,-0.080584,1.184515,-0.126634,0.050049,0.2071,6.21,0.6921,20.75,0.4169,12.5,0.3422,65.8,MEDIA,1.5302,ATENCAO,NAO,1.6104,ATENCAO,NAO,-0.7592,NORMAL,NAO,0.772,NORMAL,NAO,-0.8052,-3.8811,-1.2663,Expansão de vegetação flutuante
2021-04-29,4963,0.09444,0.046896,0.096973,-0.101474,1.248271,-0.007784,-0.002937,0.4586,22.76,0.4739,23.52,0.4066,20.18,0.5665,43.4,MEDIA,0.5375,NORMAL,NAO,1.5143,ATENCAO,NAO,-0.706,NORMAL,NAO,0.4945,NORMAL,NAO,-0.5109,-1.7073,-1.8968,
2021-05-14,560,0.298088,0.04974,0.096817,-0.029428,1.062344,-0.2719,0.189624,0.0,0.0,0.9857,5.52,0.4036,2.26,0.0639,93.6,BAIXA,2.5676,ALERTA,,2.0578,ALERTA,,0.1372,NORMAL,,1.0939,NORMAL,,-1.1328,-3.8143,0.3336,Expansão de vegetação flutuante
2021-05-19,8738,-0.079378,0.017164,0.090854,-0.147888,1.361684,0.19692,0.119158,0.7031,61.44,0.2398,20.95,0.3587,31.34,0.9974,0.3,ALTA,-0.35,NORMAL,NAO,-0.0172,NORMAL,NAO,0.0359,NORMAL,NAO,-0.6911,NORMAL,NAO,0.6779,0.7444,-0.2432,
2021-05-24,8761,-0.147462,0.009645,0.081836,-0.089164,1.203854,0.216412,0.174176,0.742,65.01,0.2036,17.84,0.3049,26.71,1.0,0.0,ALTA,-0.8763,NORMAL,NAO,-0.4961,NORMAL,NAO,-0.1173,NORMAL,NAO,0.1938,NORMAL,NAO,-0.2768,0.934,0.2072,
2021-05-29,1011,0.119776,0.027406,0.062533,-0.080891,1.201805,-0.041544,0.067803,0.3472,3.51,0.5242,5.3,0.2502,2.53,0.1154,88.5,BAIXA,1.1894,NORMAL,,0.6352,NORMAL,,-0.4452,NORMAL,,0.3185,NORMAL,,-0.2892,-1.5744,-0.6636,
2021-06-13,8761,-0.044087,0.015666,0.126461,-0.126489,1.301656,0.148303,0.102292,0.7078,62.01,0.2081,18.23,0.4256,37.29,1.0,0.0,ALTA,0.4562,NORMAL,NAO,0.3174,NORMAL,NAO,1.6982,ATENCAO,NAO,-0.8399,NORMAL,NAO,0.8378,-0.1333,-0.7359,
2021-07-13,8761,-0.110401,0.009545,0.08156,-0.126748,1.302029,0.216029,0.077409,0.734,64.31,0.2152,18.85,0.3414,29.91,1.0,0.0,ALTA,-0.5851,NORMAL,NAO,-0.6501,NORMAL,NAO,0.2885,NORMAL,NAO,-0.4812,NORMAL,NAO,0.4675,0.6719,-0.4423,
2021-07-18,8747,-0.174909,0.010784,0.066297,-0.118929,1.282727,0.262728,0.160818,0.7305,63.9,0.2182,19.09,0.3083,26.97,0.9984,0.2,ALTA,-1.0836,NORMAL,NAO,-0.5796,NORMAL,NAO,-0.0373,NORMAL,NAO,-0.3473,NORMAL,NAO,0.3311,0.9907,0.5037,
2021-07-23,8646,0.053719,0.048771,0.021822,0.011377,0.977542,-0.065055,0.027625,0.0,0.0,0.9995,86.42,0.0005,0.04,0.9869,1.3,ALTA,0.6833,NORMAL,NAO,1.5838,ATENCAO,NAO,-0.9868,NORMAL,NAO,1.8834,ATENCAO,NAO,-1.8249,-1.2467,-1.0069,
2021-07-28,8761,-0.139809,0.0131,0.077018,-0.111436,1.273613,0.225313,0.100213,0.7102,62.22,0.2322,20.34,0.3413,29.9,1.0,0.0,ALTA,-0.8124,NORMAL,NAO,-0.4477,NORMAL,NAO,0.1916,NORMAL,NAO,-0.219,NORMAL,NAO,0.2667,0.7353,-0.1837,
2021-08-17,8761,-0.131325,0.006016,0.091877,-0.138571,1.339243,0.246792,0.014373,0.7597,66.56,0.1829,16.02,0.358,31.36,1.0,0.0,ALTA,-0.5886,NORMAL,NAO,-0.4946,NORMAL,NAO,0.4642,NORMAL,NAO,-0.1986,NORMAL,NAO,0.2141,0.6966,-0.9344,
2021-08-22,8761,-0.246031,0.002637,0.09977,-0.114204,1.271584,0.326699,-0.180701,0.7641,66.94,0.1756,15.38,0.3856,33.78,1.0,0.0,ALTA,-1.6804,NORMAL,NAO,-0.8283,NORMAL,NAO,0.6822,NORMAL,NAO,0.2468,NORMAL,NAO,-0.2781,1.5331,-2.4943,
2021-09-01,763,0.095731,0.069776,0.033691,-0.016581,1.035488,-0.079296,0.054205,0.0695,0.53,0.9109,6.95,0.0354,0.27,0.0871,91.3,BAIXA,1.887,ATENCAO,,7.1889,ALERTA,,-1.8892,NORMAL,,1.7926,ATENCAO,,-1.7557,-4.0346,-0.4604,Expansão de vegetação flutuante
2021-09-06,675,0.091812,0.016126,0.048474,-0.095057,1.214541,0.002379,0.048573,0.483,3.26,0.3481,2.35,0.2207,1.49,0.077,92.3,BAIXA,1.8401,ATENCAO,,0.5333,NORMAL,,-1.4621,NORMAL,,0.3481,NORMAL,,-0.4209,-2.658,-0.5179,
2021-09-26,7259,-0.138751,0.008313,0.108226,-0.104287,1.237751,0.224387,0.077584,0.7585,55.06,0.2011,14.6,0.3821,27.74,0.8286,17.1,ALTA,-0.921,NORMAL,NAO,-0.4359,NORMAL,NAO,0.2642,NORMAL,NAO,0.1782,NORMAL,NAO,-0.2479,1.0839,-0.2217,
2021-10-21,1175,-2e-06,0.014492,0.037342,-0.035999,1.078008,0.034188,0.047511,0.5464,6.42,0.3651,4.29,0.2026,2.38,0.1341,86.6,BAIXA,1.1068,NORMAL,,0.2342,NORMAL,,-0.9316,NORMAL,,0.5178,NORMAL,,-0.591,-1.1775,0.3674,
2021-10-26,8460,-0.171493,0.008209,0.075923,-0.114448,1.263355,0.261529,0.124271,0.773,65.4,0.1981,16.76,0.28,23.69,0.9656,3.4,ALTA,0.1356,NORMAL,NAO,-0.1194,NORMAL,NAO,0.0314,NORMAL,NAO,-0.5383,NORMAL,NAO,0.4991,0.1161,0.6371,
2021-11-15,8536,0.006074,0.025576,0.081334,-0.080779,1.184464,0.062441,-0.01954,0.6682,57.04,0.263,22.45,0.3504,29.91,0.9743,2.6,ALTA,0.26,NORMAL,NAO,0.2128,NORMAL,NAO,-0.5394,NORMAL,NAO,0.3382,NORMAL,NAO,-0.4565,-0.5238,-0.2945,
2021-11-25,7603,0.059447,0.023015,0.070628,-0.108704,1.246711,0.04108,0.098922,0.6568,49.94,0.2879,21.89,0.282,21.44,0.8678,13.2,ALTA,0.7706,NORMAL,NAO,0.0508,NORMAL,NAO,-0.8657,NORMAL,NAO,-0.0507,NORMAL,NAO,-0.0549,-0.7771,0.3988,
2021-11-30,8547,-0.028447,0.021411,0.126969,-0.13226,1.312588,0.135117,-0.050519,0.7215,61.67,0.2245,19.19,0.4135,35.34,0.9756,2.4,ALTA,-0.0703,NORMAL,NAO,-0.0507,NORMAL,NAO,0.8514,NORMAL,NAO,-0.3788,NORMAL,NAO,0.37,0.3379,-0.4758,
2021-12-10,7724,-0.139601,0.022549,0.113703,-0.137909,1.32957,0.234591,-0.212228,0.7101,54.85,0.2301,17.77,0.4107,31.72,0.8816,11.8,ALTA,-0.0817,NORMAL,NAO,0.1734,NORMAL,NAO,-0.2461,NORMAL,NAO,-0.2204,NORMAL,NAO,0.1775,0.1515,-0.4485,
2021-12-15,88,0.023618,0.009723,0.029622,-0.09177,1.202846,0.068071,0.11749,0.9091,0.8,0.1136,0.1,0.0114,0.01,0.01,99.0,BAIXA,0.7635,NORMAL,,-0.9309,NORMAL,,-1.7456,NORMAL,,0.3687,NORMAL,,-0.5263,-0.8129,0.5971,
2021-12-20,7068,0.036705,0.029972,0.132089,-0.111439,1.260987,0.059829,-0.016293,0.6242,44.12,0.295,20.85,0.5059,35.76,0.8068,19.3,ALTA,0.8312,NORMAL,NAO,0.8124,NORMAL,NAO,0.0818,NORMAL,NAO,0.1176,NORMAL,NAO,-0.2034,-0.8606,0.1728,
2021-12-25,8590,-0.065978,0.025892,0.13979,-0.137975,1.330036,0.170612,-0.084619,0.6901,59.28,0.2439,20.95,0.4978,42.76,0.9805,2.0,ALTA,0.2995,NORMAL,NAO,0.4612,NORMAL,NAO,0.2192,NORMAL,NAO,-0.2212,NORMAL,NAO,0.1801,-0.219,-0.0438,
2022-01-19,8593,-0.024514,0.015416,0.165682,-0.160558,1.395581,0.162623,0.085645,0.7307,62.79,0.2126,18.27,0.6992,60.08,0.9808,1.9,ALTA,0.4334,NORMAL,NAO,-0.6927,NORMAL,NAO,1.316,NORMAL,NAO,-1.2179,NORMAL,NAO,1.3137,0.0694,0.7627,
2022-01-24,1070,0.258053,0.050554,0.22348,-0.114723,1.264442,-0.165158,0.063427,0.4103,4.39,0.486,5.2,0.9028,9.66,0.1221,87.8,BAIXA,5.3765,ALERTA,,2.5029,ALERTA,,3.1102,ALERTA,,1.0882,NORMAL,,-1.1138,-5.5132,0.3532,Expansão de vegetação flutuante
2022-02-03,966,0.165746,0.074802,0.072561,-0.087865,1.195184,-0.083286,0.178663,0.2774,2.68,0.735,7.1,0.2692,2.6,0.1103,89.0,BAIXA,0.9139,NORMAL,,0.7277,NORMAL,,-1.696,NORMAL,,1.2521,NORMAL,,-1.3362,-0.9375,1.2984,
2022-02-13,8513,0.017945,0.022791,0.148398,-0.141943,1.336065,0.103782,0.135707,0.7106,60.49,0.2342,19.94,0.5481,46.66,0.9717,2.8,ALTA,0.0314,NORMAL,NAO,-0.347,NORMAL,NAO,0.4264,NORMAL,NAO,-0.2843,NORMAL,NAO,0.2313,0.0705,0.7635,
2022-02-18,6133,0.006218,0.023605,0.1624,-0.095047,1.218015,0.072114,0.091656,0.6633,40.68,0.2619,16.06,0.6126,37.57,0.7,30.0,ALTA,-0.0387,NORMAL,NAO,-0.3301,NORMAL,NAO,0.8183,NORMAL,NAO,1.0481,NORMAL,NAO,-1.0821,-0.1002,0.215,
2022-02-23,5463,0.069799,0.032452,0.122775,-0.113466,1.265468,0.030934,0.072852,0.5157,28.17,0.3969,21.68,0.4966,27.13,0.6236,37.6,MEDIA,0.341,NORMAL,NAO,-0.1473,NORMAL,NAO,-0.2907,NORMAL,NAO,0.5248,NORMAL,NAO,-0.5542,-0.3221,-0.0191,
2022-03-05,7697,-0.027774,0.017536,0.161893,-0.140422,1.333476,0.147635,0.15462,0.6743,51.9,0.2815,21.67,0.6887,53.01,0.8786,12.1,ALTA,-0.5147,NORMAL,NAO,-0.5062,NORMAL,NAO,0.273,NORMAL,NAO,0.3037,NORMAL,NAO,-0.3005,0.3934,0.8382,
2022-03-15,2696,0.10209,0.026678,0.114846,-0.124952,1.295743,0.017565,0.174282,0.5163,13.92,0.4251,11.46,0.5675,15.3,0.3077,69.2,MEDIA,1.1839,NORMAL,NAO,1.6751,ATENCAO,NAO,-0.887,NORMAL,NAO,0.9193,NORMAL,NAO,-0.8284,-1.1597,1.0599,
2022-04-09,183,0.13294,0.028249,0.052703,-0.092051,1.206402,-0.042432,0.058421,0.3224,0.59,0.5628,1.03,0.2842,0.52,0.0209,97.9,BAIXA,0.8931,NORMAL,,0.2091,NORMAL,,-1.1317,NORMAL,,0.6197,NORMAL,,-0.7042,-2.341,-1.1666,
2022-04-14,476,0.140248,0.034117,0.039758,-0.075742,1.167471,-0.065724,0.087653,0.1639,0.78,0.666,3.17,0.1071,0.51,0.0543,94.6,BAIXA,0.9606,NORMAL,,0.6198,NORMAL,,-1.2561,NORMAL,,0.8363,NORMAL,,-0.8839,-2.7671,-0.8188,
2022-04-24,870,0.029079,0.051079,0.020009,-0.006668,1.013448,-0.022416,0.096143,0.0,0.0,1.0,8.7,0.0,0.0,0.0993,90.1,BAIXA,-0.0662,NORMAL,,1.8071,ATENCAO,,-1.446,NORMAL,,1.7538,ATENCAO,,-1.595,-1.9749,-0.7177,
2022-05-19,7249,-0.030147,0.017363,0.044923,-0.095441,1.216914,0.109848,0.133223,0.6641,48.14,0.2592,18.79,0.2821,20.45,0.8274,17.3,ALTA,0.0305,NORMAL,NAO,-0.0045,NORMAL,NAO,-0.7444,NORMAL,NAO,0.0992,NORMAL,NAO,-0.1978,-0.1022,-0.1281,
2022-05-24,8761,0.045773,0.019049,0.096216,-0.176468,1.443261,0.112881,0.108866,0.7165,62.77,0.2178,19.08,0.3705,32.46,1.0,0.0,ALTA,0.6173,NORMAL,NAO,0.1029,NORMAL,NAO,0.127,NORMAL,NAO,-1.1218,NORMAL,NAO,1.1714,-0.0727,-0.3275,
2022-06-13,8761,-0.266789,-0.003422,-0.028375,-0.074906,1.166273,0.321489,0.315942,0.7959,69.73,0.1745,15.29,0.1627,14.25,1.0,0.0,ALTA,-1.3123,NORMAL,NAO,-1.0004,NORMAL,NAO,-1.6991,NORMAL,NAO,0.0552,NORMAL,NAO,-0.1315,1.2296,1.1115,
2022-06-18,8291,-0.166329,0.007307,0.004727,-0.136823,1.323478,0.272939,0.262547,0.7755,64.3,0.1907,15.81,0.2155,17.87,0.9464,5.4,ALTA,-0.5146,NORMAL,NAO,-0.2597,NORMAL,NAO,-0.9728,NORMAL,NAO,-1.0192,NORMAL,NAO,0.9941,0.8475,0.6498,
2022-07-03,8761,0.109003,0.019232,0.143092,-0.179987,1.452294,0.060796,0.146201,0.7091,62.12,0.2178,19.08,0.5612,49.17,1.0,0.0,ALTA,1.1105,NORMAL,NAO,-0.0984,NORMAL,NAO,1.6022,ATENCAO,NAO,-1.3926,NORMAL,NAO,1.529,-0.3877,0.3379,
2022-07-23,8761,0.094668,0.018315,0.129498,-0.181892,1.45603,0.07504,0.137379,0.7105,62.25,0.2128,18.64,0.4461,39.08,1.0,0.0,ALTA,0.9997,NORMAL,NAO,-0.1507,NORMAL,NAO,1.3119,NORMAL,NAO,-1.4252,NORMAL,NAO,1.5554,-0.2904,0.2379,
2022-07-28,1179,0.250157,0.029405,0.092846,-0.115844,1.266408,-0.139731,0.072399,0.2621,3.09,0.3121,3.68,0.3562,4.2,0.1346,86.5,BAIXA,2.2014,ALERTA,,0.4809,NORMAL,,0.5295,NORMAL,,-0.2945,NORMAL,,0.2158,-1.7564,-0.4991,
2022-08-02,8761,0.016882,0.016379,0.119745,-0.185044,1.468947,0.148558,0.125285,0.7234,63.38,0.2118,18.56,0.4228,37.04,1.0,0.0,ALTA,0.8221,NORMAL,NAO,0.5289,NORMAL,NAO,1.2341,NORMAL,NAO,-1.0479,NORMAL,NAO,1.1577,-0.3317,-0.0476,
2022-08-27,8465,-0.143279,0.005687,0.080116,-0.164962,1.401141,0.27948,0.075936,0.7881,66.71,0.179,15.15,0.2865,24.25,0.9662,3.4,ALTA,-0.7024,NORMAL,NAO,-0.5271,NORMAL,NAO,0.1393,NORMAL,NAO,-0.6809,NORMAL,NAO,0.6644,1.0388,-0.4422,
2022-09-01,8509,0.072037,0.016423,0.129563,-0.190211,1.480684,0.105562,0.114628,0.7333,62.4,0.2079,17.69,0.4782,40.69,0.9712,2.9,ALTA,1.6033,ATENCAO,NAO,0.5702,NORMAL,NAO,0.8806,NORMAL,NAO,-1.4033,NORMAL,NAO,1.5631,-0.9189,0.1566,
2022-10-11,442,-0.000433,0.00887,0.01893,-0.099216,1.228341,0.097807,0.07814,0.6991,3.09,0.3484,1.54,0.0928,0.41,0.0505,95.0,BAIXA,1.1044,NORMAL,,-0.0822,NORMAL,,-1.3912,NORMAL,,-0.3332,NORMAL,,0.2931,-0.8155,0.475,
2022-10-16,7028,0.004378,0.036399,0.057052,-0.002751,1.014404,0.00057,-0.06994,0.215,15.11,0.6951,48.85,0.2167,15.23,0.8022,19.8,ALTA,1.1316,NORMAL,NAO,1.4672,NORMAL,NAO,-0.4396,NORMAL,NAO,0.9653,NORMAL,NAO,-0.9651,-1.3688,-0.0451,
2022-10-26,8474,-0.186023,0.001907,0.049404,-0.06809,1.149459,0.240824,0.134108,0.7816,66.23,0.1841,15.6,0.2236,18.95,0.9672,3.3,ALTA,0.0533,NORMAL,NAO,-0.4741,NORMAL,NAO,-0.6305,NORMAL,NAO,0.0858,NORMAL,NAO,-0.1708,-0.0017,0.6716,
2022-11-05,2781,-0.173929,0.001252,0.01107,-0.0896,1.201503,0.251317,0.139919,0.8159,22.69,0.1589,4.42,0.1568,4.36,0.3174,68.3,MEDIA,-1.4621,NORMAL,NAO,-1.3263,NORMAL,NAO,-2.6809,NORMAL,NAO,0.2153,NORMAL,NAO,-0.3466,1.7157,0.6388,
2022-11-10,8498,-0.178688,0.015394,0.106429,-0.188115,1.470538,0.311146,-0.151498,0.7431,63.15,0.2139,18.18,0.3557,30.23,0.97,3.0,ALTA,-1.5076,NORMAL,NAO,-0.4314,NORMAL,NAO,0.2254,NORMAL,NAO,-1.1568,NORMAL,NAO,1.389,2.4251,-1.0668,
2022-11-15,8554,-0.048488,0.016575,0.118264,-0.142693,1.341891,0.167709,0.031409,0.7308,62.51,0.2194,18.77,0.3574,30.57,0.9764,2.4,ALTA,-0.262,NORMAL,NAO,-0.3567,NORMAL,NAO,0.5861,NORMAL,NAO,-0.5241,NORMAL,NAO,0.5591,0.7243,0.0037,
2022-11-20,4247,0.021914,0.028794,0.100894,-0.108886,1.252659,0.072603,0.034372,0.5646,23.98,0.3812,16.19,0.3678,15.62,0.4848,51.5,MEDIA,0.4115,NORMAL,NAO,0.4164,NORMAL,NAO,0.0567,NORMAL,NAO,-0.0533,NORMAL,NAO,-0.0166,-0.4033,0.021,
2022-11-25,1548,-0.025141,0.016182,0.089354,-0.119793,1.291841,0.132223,0.086394,0.6344,9.82,0.2481,3.84,0.2913,4.51,0.1767,82.3,BAIXA,-0.0386,NORMAL,,-0.3816,NORMAL,,-0.295,NORMAL,,-0.2052,NORMAL,,0.2362,0.3036,0.3255,
2022-12-05,577,0.12284,0.031608,0.153854,-0.142164,1.339507,0.015602,0.201191,0.4887,2.82,0.5373,3.1,0.8735,5.04,0.0659,93.4,BAIXA,1.2772,NORMAL,,0.9533,NORMAL,,0.47,NORMAL,,-0.2747,NORMAL,,0.2327,-1.1167,0.8626,
2022-12-10,5010,0.176298,0.048337,0.158943,-0.132347,1.316288,-0.051391,0.105767,0.3715,18.61,0.611,30.61,0.7884,39.5,0.5719,42.8,MEDIA,1.554,ATENCAO,NAO,2.3936,ALERTA,NAO,0.5608,NORMAL,NAO,-0.1494,NORMAL,NAO,0.1037,-1.5047,0.5599,Expansão de vegetação flutuante
2022-12-15,7449,0.102433,0.030389,0.286219,-0.230175,1.60887,0.11048,0.224974,0.7397,55.1,0.2561,19.08,0.9835,73.26,0.8502,15.0,ALTA,1.1715,NORMAL,NAO,0.8483,NORMAL,NAO,2.8307,ALERTA,NAO,-1.3984,NORMAL,NAO,1.7286,-0.5673,0.938,
2022-12-30,8718,-0.124074,-0.002048,0.081914,0.101043,0.826122,0.024597,0.560407,0.7214,62.89,0.2033,17.72,0.1894,16.51,0.9951,0.5,ALTA,-0.0013,NORMAL,NAO,-1.9443,NORMAL,NAO,-0.813,NORMAL,NAO,2.8305,ALERTA,NAO,-2.6185,-1.0646,2.0018,
2023-01-09,6107,0.050175,0.034429,0.057665,-0.056086,1.122993,-0.000744,0.137809,0.429,26.2,0.5094,31.11,0.2464,15.05,0.6971,30.3,MEDIA,1.74,ATENCAO,NAO,1.0364,NORMAL,NAO,-2.037,NORMAL,NAO,4.0385,ALERTA,SIM,-3.7321,-2.713,1.7241,
2023-01-14,2524,-0.005469,0.033109,0.061767,-0.124059,1.289731,0.11207,0.122208,0.5931,14.97,0.3859,9.74,0.2769,6.99,0.2881,71.2,BAIXA,0.7666,NORMAL,,0.9164,NORMAL,,-1.9096,NORMAL,,0.6185,NORMAL,,-0.6456,-0.7916,1.4365,
2023-01-24,8580,-0.077816,0.018394,0.152317,-0.131838,1.310668,0.182238,0.112903,0.7336,62.94,0.2211,18.97,0.4591,39.39,0.9793,2.1,ALTA,-0.499,NORMAL,NAO,-0.4219,NORMAL,NAO,0.9012,NORMAL,NAO,0.2271,NORMAL,NAO,-0.2581,0.4035,1.2651,
2023-01-29,435,0.221048,0.071813,0.113345,-0.069615,1.157997,-0.162323,0.044698,0.2069,0.9,0.754,3.28,0.492,2.14,0.0497,95.0,BAIXA,4.7291,ALERTA,,4.4362,ALERTA,,-0.3086,NORMAL,,3.3578,ALERTA,,-3.0841,-5.4649,0.008,Expansão de vegetação flutuante
2023-02-08,6723,-0.164186,0.016455,0.066576,-0.147008,1.351937,0.275195,0.100078,0.7424,49.91,0.2265,15.23,0.2612,17.56,0.7674,23.3,ALTA,-1.0562,NORMAL,NAO,-0.4779,NORMAL,NAO,-1.8635,NORMAL,NAO,-0.4282,NORMAL,NAO,0.4079,0.9942,0.3199,
2023-02-13,244,0.149995,0.043658,0.057333,-0.067653,1.14556,-0.083347,0.076255,0.0082,0.02,0.9262,2.26,0.0861,0.21,0.0279,97.2,BAIXA,0.8199,NORMAL,,0.0842,NORMAL,,-2.1222,NORMAL,,1.8263,ATENCAO,,-1.8883,-0.9379,0.0233,
2023-03-05,1099,0.098007,0.033138,0.070968,-0.067373,1.152023,-0.032846,0.133171,0.3294,3.62,0.5869,6.45,0.2511,2.76,0.1254,87.5,BAIXA,1.1305,NORMAL,,3.2165,ALERTA,,-1.969,NORMAL,,3.2104,ALERTA,,-2.8389,-1.7616,0.5963,
2023-03-15,5795,-0.240714,-0.011991,0.000739,-0.019557,1.045718,0.256114,0.125599,0.7708,44.67,0.1957,11.34,0.1294,7.5,0.6615,33.9,MEDIA,-3.2998,NORMAL,NAO,-7.5514,NORMAL,NAO,-3.7007,NORMAL,NAO,5.1131,ALERTA,NAO,-4.326,1.6887,0.5109,
2023-03-20,8556,-0.06518,0.014225,0.109479,-0.14095,1.332063,0.182203,0.093667,0.7493,64.11,0.2032,17.39,0.4317,36.94,0.9766,2.3,ALTA,-1.0039,NORMAL,NAO,-1.2962,NORMAL,NAO,-1.0194,NORMAL,NAO,0.2827,NORMAL,NAO,-0.3203,0.8061,0.1508,
2023-03-25,424,0.289435,0.052453,0.157003,-0.10737,1.245303,-0.197773,0.084265,0.3302,1.4,0.5165,2.19,0.6675,2.83,0.0484,95.2,BAIXA,3.6343,ALERTA,,7.8251,ALERTA,,0.1525,NORMAL,,1.6189,ATENCAO,,-1.534,-3.7309,0.0448,Expansão de vegetação flutuante
2023-03-30,8342,0.154769,0.022004,0.126198,-0.134115,1.313448,-0.030937,0.080184,0.6682,55.74,0.2238,18.67,0.4156,34.67,0.9522,4.8,ALTA,1.8729,ATENCAO,NAO,0.5599,NORMAL,NAO,-0.6071,NORMAL,NAO,0.5546,NORMAL,NAO,-0.5807,-1.7388,-0.0013,
2023-04-04,2880,0.185816,0.04887,0.074143,-0.040712,1.086909,-0.147121,0.053386,0.1472,4.24,0.651,18.75,0.2576,7.42,0.3287,67.1,MEDIA,1.3814,NORMAL,NAO,1.6525,ATENCAO,NAO,-0.9255,NORMAL,NAO,1.3016,NORMAL,NAO,-1.2559,-4.2558,-1.2266,
2023-04-09,1594,0.115493,0.028004,0.054687,-0.077728,1.170347,-0.039045,0.094543,0.303,4.83,0.5834,9.3,0.1493,2.38,0.1819,81.8,BAIXA,0.7319,NORMAL,,0.192,NORMAL,,-1.1126,NORMAL,,0.81,NORMAL,,-0.8707,-2.2791,-0.7368,
2023-04-19,6944,-0.175687,-0.00476,0.045962,0.029431,0.952507,0.146704,0.353486,0.75,52.08,0.1989,13.81,0.1626,11.29,0.7926,20.7,ALTA,-1.9574,NORMAL,NAO,-2.1013,NORMAL,NAO,-1.1965,NORMAL,NAO,2.2333,ALERTA,NAO,-1.8764,1.1183,2.3447,
2023-04-24,236,0.074557,0.020494,0.039015,-0.054292,1.117081,-0.021599,0.0536,0.4153,0.98,0.4746,1.12,0.1653,0.39,0.0269,97.3,BAIXA,0.3538,NORMAL,,-0.3337,NORMAL,,-1.2633,NORMAL,,1.1213,NORMAL,,-1.1166,-1.96,-1.224,
2023-05-14,8761,0.149885,0.031934,0.080638,-0.074518,1.166615,-0.07915,0.08905,0.3554,31.14,0.4764,41.74,0.2735,23.96,1.0,0.0,ALTA,1.4221,NORMAL,NAO,0.9236,NORMAL,NAO,-0.1377,NORMAL,NAO,0.4145,NORMAL,NAO,-0.502,-1.94,-0.4897,
2023-05-24,8761,0.101493,0.018134,0.205916,-0.214625,1.565748,0.093464,0.03589,0.7112,62.31,0.2049,17.95,0.8411,73.69,1.0,0.0,ALTA,1.048,NORMAL,NAO,0.0446,NORMAL,NAO,1.9906,ATENCAO,NAO,-1.6967,NORMAL,NAO,1.9123,-0.2616,-0.9248,
2023-06-03,730,0.204981,0.043266,0.056965,-0.072583,1.16027,-0.135016,0.061386,0.0932,0.68,0.8096,5.91,0.2438,1.78,0.0833,91.7,BAIXA,2.4341,ALERTA,,2.2229,ALERTA,,0.1734,NORMAL,,0.0955,NORMAL,,-0.1745,-2.3629,-1.0897,Expansão de vegetação flutuante
2023-06-08,8761,0.070698,0.023414,0.1352,-0.134088,1.332203,0.050549,0.152644,0.5285,46.3,0.3551,31.11,0.6053,53.03,1.0,0.0,ALTA,1.3677,NORMAL,NAO,0.8523,NORMAL,NAO,1.8899,ATENCAO,NAO,-0.9717,NORMAL,NAO,1.0566,-0.9026,-0.3006,
2023-06-18,8761,-0.25439,-0.005414,0.002222,-0.035228,1.078504,0.280802,0.359069,0.7853,68.8,0.1787,15.66,0.1671,14.64,1.0,0.0,ALTA,-1.2139,NORMAL,NAO,-1.1379,NORMAL,NAO,-1.0277,NORMAL,NAO,0.7437,NORMAL,NAO,-0.76,0.9094,1.4844,
2023-06-28,8761,-0.045146,0.01411,0.104226,-0.168461,1.411957,0.186859,0.187872,0.7404,64.87,0.2009,17.6,0.3833,33.58,1.0,0.0,ALTA,0.4478,NORMAL,NAO,0.21,NORMAL,NAO,1.2103,NORMAL,NAO,-1.5681,NORMAL,NAO,1.6276,0.1701,0.0041,
2023-07-08,5831,0.229258,0.050501,0.07988,-0.022236,1.052767,-0.209419,0.143668,0.0,0.0,0.9609,56.03,0.1881,10.97,0.6656,33.4,MEDIA,2.0399,ALERTA,NAO,1.6824,ATENCAO,NAO,0.2527,NORMAL,NAO,1.308,NORMAL,NAO,-1.2935,-2.2321,0.3092,Expansão de vegetação flutuante
2023-07-23,6453,0.069192,0.037286,0.036377,-0.007517,1.015783,-0.061785,0.013447,0.015,0.97,0.8599,55.49,0.0333,2.15,0.7366,26.3,ALTA,0.8029,NORMAL,NAO,0.9298,NORMAL,NAO,-0.6761,NORMAL,NAO,1.5599,ATENCAO,NAO,-1.5548,-1.2244,-1.1677,
2023-08-02,8761,-0.018568,0.013721,0.096257,-0.179279,1.447267,0.172494,0.109382,0.7311,64.05,0.1958,17.15,0.3355,29.39,1.0,0.0,ALTA,0.4846,NORMAL,NAO,0.2664,NORMAL,NAO,0.5852,NORMAL,NAO,-0.9425,NORMAL,NAO,1.0,-0.0812,-0.1747,
2023-08-07,8761,0.120076,0.016839,0.133327,-0.188729,1.475064,0.057684,0.098309,0.7019,61.49,0.2068,18.12,0.4959,43.45,1.0,0.0,ALTA,1.8043,ATENCAO,NAO,0.5743,NORMAL,NAO,1.6093,ATENCAO,NAO,-1.1152,NORMAL,NAO,1.2022,-1.283,-0.2633,
2023-08-17,6533,0.016265,0.014154,0.039493,-0.051366,1.110481,0.033477,0.031499,0.484,31.62,0.3772,24.64,0.0715,4.67,0.7457,25.4,ALTA,0.8162,NORMAL,NAO,0.3091,NORMAL,NAO,-0.9829,NORMAL,NAO,1.3952,NORMAL,NAO,-1.45,-1.5364,-0.7975,
2023-08-22,8761,-0.118503,0.005003,0.061106,-0.120337,1.276273,0.221498,0.170824,0.7847,68.75,0.1708,14.96,0.2351,20.6,1.0,0.0,ALTA,-0.4666,NORMAL,NAO,-0.5946,NORMAL,NAO,-0.3859,NORMAL,NAO,0.1347,NORMAL,NAO,-0.2439,0.4318,0.3165,
2023-08-27,517,0.159426,0.031789,0.070035,-0.080624,1.180555,-0.082283,0.028499,0.2398,1.24,0.5455,2.82,0.3385,1.75,0.059,94.1,BAIXA,2.1788,ALERTA,,2.0508,ALERTA,,-0.1392,NORMAL,,0.8605,NORMAL,,-0.9402,-2.7483,-0.8215,Expansão de vegetação flutuante
2023-09-01,8531,-0.029713,0.012674,0.095988,-0.141399,1.336087,0.154769,0.104032,0.7499,63.97,0.1905,16.25,0.3204,27.33,0.9737,2.6,ALTA,0.3848,NORMAL,NAO,0.1051,NORMAL,NAO,-0.0894,NORMAL,NAO,-0.5049,NORMAL,NAO,0.4852,-0.0895,0.0484,
2023-09-11,8553,0.031321,0.014215,0.142812,-0.163537,1.395702,0.11884,0.143513,0.7528,64.39,0.1944,16.63,0.5576,47.69,0.9763,2.4,ALTA,1.1157,NORMAL,NAO,0.2963,NORMAL,NAO,1.2634,NORMAL,NAO,-0.9123,NORMAL,NAO,0.9296,-0.6951,0.4516,
2023-09-16,8299,-0.060282,0.012769,0.146364,-0.129786,1.303543,0.170568,0.07797,0.7482,62.09,0.1881,15.61,0.5657,46.95,0.9473,5.3,ALTA,0.0187,NORMAL,NAO,0.1169,NORMAL,NAO,1.366,NORMAL,NAO,-0.2911,NORMAL,NAO,0.2426,0.1768,-0.2177,
2023-09-21,8253,-0.064449,0.010503,0.083453,-0.121501,1.280845,0.170381,0.071286,0.7672,63.32,0.1831,15.11,0.2861,23.61,0.942,5.8,ALTA,-0.0312,NORMAL,NAO,-0.1642,NORMAL,NAO,-0.4515,NORMAL,NAO,-0.1386,NORMAL,NAO,0.0734,0.1736,-0.286,
2023-09-26,1551,-0.069485,0.003666,0.03701,-0.1042,1.23592,0.166514,0.060289,0.7692,11.93,0.2405,3.73,0.1406,2.18,0.177,82.3,BAIXA,-0.0915,NORMAL,,-1.0124,NORMAL,,-1.7933,NORMAL,,0.1798,NORMAL,,-0.2615,0.1084,-0.3983,
2023-10-11,8463,-0.33908,-0.028282,0.006219,0.060969,0.891077,0.288496,0.336557,0.8436,71.39,0.1243,10.52,0.1098,9.29,0.966,3.4,ALTA,-0.8136,NORMAL,NAO,-2.1732,NORMAL,NAO,-1.7085,NORMAL,NAO,1.8231,ATENCAO,NAO,-1.6905,0.2695,1.3827,
2023-10-16,1057,-0.014726,0.011411,0.009552,-0.010365,1.022102,0.02517,0.070904,0.5459,5.77,0.3851,4.07,0.0151,0.16,0.1206,87.9,BAIXA,1.0234,NORMAL,,0.0608,NORMAL,,-1.6253,NORMAL,,0.8628,NORMAL,,-0.9198,-1.2288,0.4496,
2023-11-05,8364,-0.253656,-0.022612,0.025882,0.108514,0.81273,0.153379,0.539665,0.813,68.0,0.1346,11.26,0.0997,8.34,0.9547,4.5,ALTA,-2.2248,NORMAL,NAO,-2.8362,NORMAL,NAO,-2.2294,NORMAL,NAO,2.9746,ALERTA,NAO,-2.8547,0.5544,2.9783,
2023-11-10,1385,-0.007069,0.013048,0.026629,-0.03084,1.068454,0.037043,0.023801,0.4758,6.59,0.3848,5.33,0.0195,0.27,0.1581,84.2,BAIXA,0.1343,NORMAL,,-0.5799,NORMAL,,-2.2067,NORMAL,,1.0337,NORMAL,,-1.2049,-0.8249,-0.0408,
2023-11-30,4823,-0.04611,0.017052,0.092555,-0.077789,1.176711,0.112171,0.087971,0.6228,30.04,0.3205,15.46,0.321,15.48,0.5505,44.9,MEDIA,-0.2392,NORMAL,NAO,-0.3265,NORMAL,NAO,-0.1975,NORMAL,NAO,0.3798,NORMAL,NAO,-0.5065,0.0658,0.3347,
2023-12-15,8546,-0.430199,0.002875,0.079739,-0.172256,1.422973,0.507933,-0.520021,0.7918,67.67,0.1718,14.68,0.3335,28.5,0.9755,2.5,ALTA,-1.5863,NORMAL,NAO,-1.5204,NORMAL,NAO,-0.8518,NORMAL,NAO,-0.6589,NORMAL,NAO,0.6962,1.7345,-1.4247,
2023-12-20,517,0.130412,0.033563,0.064964,-0.057561,1.130209,-0.075543,-0.025111,0.265,1.37,0.5764,2.98,0.2959,1.53,0.059,94.1,BAIXA,1.3164,NORMAL,,1.1216,NORMAL,,-1.1153,NORMAL,,0.8055,NORMAL,,-0.9297,-1.6446,0.1449,
2024-01-09,8542,-0.075336,0.012895,0.129755,-0.144846,1.344158,0.197713,-0.006342,0.7641,65.27,0.1867,15.95,0.4964,42.4,0.975,2.5,ALTA,-0.4556,NORMAL,NAO,-0.922,NORMAL,NAO,0.2008,NORMAL,NAO,-0.4274,NORMAL,NAO,0.3618,0.667,-0.9326,
2024-01-29,3051,0.082824,0.047314,0.09656,-0.057582,1.129374,-0.034131,0.034751,0.3232,9.86,0.5873,17.92,0.4071,12.42,0.3482,65.2,MEDIA,2.3111,ALERTA,NAO,2.2082,ALERTA,NAO,-0.8296,NORMAL,NAO,3.9632,ALERTA,NAO,-3.6139,-3.2816,-0.1753,Expansão de vegetação flutuante
2024-02-03,3527,0.298182,0.097133,0.109642,-0.089306,1.198717,-0.217113,0.144734,0.1236,4.36,0.85,29.98,0.5333,18.81,0.4026,59.7,MEDIA,1.7047,ATENCAO,NAO,1.189,NORMAL,NAO,-0.6582,NORMAL,NAO,1.2112,NORMAL,NAO,-1.2969,-1.6587,0.8759,
2024-02-08,849,-0.016909,0.012818,0.044974,-0.095939,1.215739,0.108314,0.000509,0.6796,5.77,0.2709,2.3,0.1826,1.55,0.0969,90.3,BAIXA,-0.1768,NORMAL,,-0.553,NORMAL,,-2.468,NORMAL,,1.0227,NORMAL,,-1.1075,0.0949,-0.9199,
2024-02-23,2662,0.086637,0.033667,0.180764,-0.149276,1.361368,0.050477,0.187476,0.5575,14.84,0.4061,10.81,0.8749,23.29,0.3038,69.6,MEDIA,0.4415,NORMAL,NAO,-0.1222,NORMAL,NAO,1.3322,NORMAL,NAO,-0.4926,NORMAL,NAO,0.5128,-0.2167,1.4081,
2024-02-28,315,0.319148,0.076973,0.206656,-0.098665,1.230009,-0.235836,0.059506,0.1333,0.42,0.7365,2.32,0.8571,2.7,0.036,96.4,BAIXA,1.8299,ATENCAO,,0.7725,NORMAL,,2.0568,ALERTA,,0.9453,NORMAL,,-0.9487,-1.7596,-0.1853,
2024-03-04,784,0.373329,0.074472,0.256731,-0.146788,1.349498,-0.251253,0.117142,0.2462,1.93,0.6849,5.37,0.9821,7.7,0.0895,91.1,BAIXA,4.7316,ALERTA,,13.0788,ALERTA,,2.6115,ALERTA,,0.0504,NORMAL,,-0.0764,-4.3694,0.4155,Expansão de vegetação flutuante
2024-03-09,566,0.17398,0.044244,0.095747,-0.09085,1.203193,-0.084712,0.151688,0.053,0.3,0.917,5.19,0.4682,2.65,0.0646,93.5,BAIXA,2.1242,ALERTA,,5.8664,ALERTA,,-1.358,NORMAL,,2.2763,ALERTA,,-2.1231,-2.3809,0.8051,Expansão de vegetação flutuante
2024-03-14,8536,-0.01611,0.015525,0.24287,-0.191281,1.476801,0.181836,0.171776,0.7653,65.33,0.1993,17.01,0.9954,84.97,0.9743,2.6,ALTA,-0.3621,NORMAL,NAO,-0.986,NORMAL,NAO,2.2698,ALERTA,NAO,-1.7201,NORMAL,NAO,1.7045,0.8018,1.0317,
2024-03-29,8564,0.061684,0.016864,0.169661,-0.140526,1.333693,0.064572,0.029543,0.7234,61.95,0.1927,16.5,0.6345,54.34,0.9775,2.2,ALTA,0.6554,NORMAL,NAO,-0.6665,NORMAL,NAO,0.4646,NORMAL,NAO,0.2995,NORMAL,NAO,-0.2975,-0.5984,-0.5724,
2024-04-03,3810,0.048512,0.021364,0.153397,-0.138209,1.333763,0.075348,0.026184,0.6058,23.08,0.2932,11.17,0.685,26.1,0.4349,56.5,MEDIA,0.1133,NORMAL,NAO,-0.2728,NORMAL,NAO,-0.1634,NORMAL,NAO,0.0066,NORMAL,NAO,-0.1162,-0.1868,-1.5503,
2024-04-18,8761,-0.021177,0.014861,0.1768,-0.133134,1.314655,0.131914,0.105935,0.7362,64.5,0.1919,16.81,0.7164,62.76,1.0,0.0,ALTA,-0.5304,NORMAL,NAO,-0.7279,NORMAL,NAO,0.0616,NORMAL,NAO,0.074,NORMAL,NAO,-0.2044,0.8478,-0.6012,
2024-04-23,5260,0.122369,0.04755,0.12055,-0.084421,1.203376,-0.047798,0.011813,0.3779,19.88,0.5485,28.85,0.5253,27.63,0.6004,40.0,MEDIA,0.7954,NORMAL,NAO,1.5601,ATENCAO,NAO,-0.4793,NORMAL,NAO,0.721,NORMAL,NAO,-0.7182,-2.4392,-1.7213,
2024-05-23,8761,-0.154512,0.003546,0.086344,-0.112963,1.260638,0.248172,0.234699,0.794,69.56,0.1767,15.48,0.2591,22.7,1.0,0.0,ALTA,-0.9308,NORMAL,NAO,-0.8846,NORMAL,NAO,-0.0407,NORMAL,NAO,-0.1648,NORMAL,NAO,0.0667,1.2428,0.7026,
2024-05-28,7493,-0.297707,-0.026921,0.004114,0.072182,0.870045,0.235005,0.553504,0.8405,62.98,0.1317,9.87,0.1041,7.8,0.8553,14.5,ALTA,-2.0376,NORMAL,NAO,-2.8253,NORMAL,NAO,-1.4377,NORMAL,NAO,2.6251,ALERTA,NAO,-2.296,1.1148,3.3123,
2024-06-02,7018,0.046832,0.039565,0.026897,-0.010803,1.023332,-0.036409,0.030576,0.0795,5.58,0.8914,62.56,0.0302,2.12,0.8011,19.9,ALTA,1.1782,NORMAL,NAO,1.9674,ATENCAO,NAO,-0.4863,NORMAL,NAO,1.1675,NORMAL,NAO,-1.1551,-1.5869,-1.3561,
2024-06-07,8761,-0.221733,-0.000154,0.004251,-0.128041,1.296062,0.321698,0.205609,0.8128,71.21,0.1616,14.16,0.1736,15.21,1.0,0.0,ALTA,-0.9545,NORMAL,NAO,-0.7748,NORMAL,NAO,-0.9832,NORMAL,NAO,-0.8668,NORMAL,NAO,0.7978,1.2312,0.1574,
2024-06-12,8761,-0.112734,0.009537,0.045255,-0.180836,1.448864,0.262013,0.154869,0.782,68.51,0.1786,15.65,0.2443,21.4,1.0,0.0,ALTA,-0.0889,NORMAL,NAO,-0.1057,NORMAL,NAO,-0.0836,NORMAL,NAO,-1.7829,NORMAL,NAO,1.8919,0.7615,-0.2813,
2024-06-22,959,0.195238,0.013522,0.107643,-0.135147,1.325343,-0.064584,0.256474,0.4473,4.29,0.1773,1.7,0.4849,4.65,0.1095,89.1,BAIXA,2.3567,ALERTA,,0.1694,NORMAL,,1.2853,NORMAL,,-0.9901,NORMAL,,1.0075,-1.8087,0.5973,
2024-06-27,8761,-0.193478,0.001762,0.04599,-0.072705,1.172125,0.24956,0.239839,0.7779,68.15,0.1681,14.73,0.2234,19.57,1.0,0.0,ALTA,-0.7301,NORMAL,NAO,-0.6425,NORMAL,NAO,-0.0674,NORMAL,NAO,0.0934,NORMAL,NAO,-0.0896,0.6635,0.4534,
2024-07-02,8761,-0.185185,0.004888,0.00753,-0.093504,1.209627,0.259059,0.228829,0.7796,68.3,0.1732,15.17,0.2026,17.75,1.0,0.0,ALTA,-1.1631,NORMAL,NAO,-0.9154,NORMAL,NAO,-1.2919,NORMAL,NAO,0.0879,NORMAL,NAO,-0.1853,0.9656,1.2751,
2024-07-17,4750,-0.035585,0.008363,0.030684,-0.047668,1.109748,0.077704,0.014904,0.5352,25.42,0.3352,15.92,0.2194,10.42,0.5422,45.8,MEDIA,-0.0069,NORMAL,NAO,-0.7175,NORMAL,NAO,-0.7976,NORMAL,NAO,0.8726,NORMAL,NAO,-0.8909,-0.2723,-1.1512,
2024-07-22,8761,-0.293722,-0.004691,-0.036393,-0.123843,1.285986,0.384007,0.281268,0.8247,72.25,0.1518,13.3,0.1438,12.6,1.0,0.0,ALTA,-2.0019,NORMAL,NAO,-1.4609,NORMAL,NAO,-2.2296,NORMAL,NAO,-0.4314,NORMAL,NAO,0.3541,1.8185,1.8698,
2024-08-01,6593,0.015329,0.043081,0.025059,0.004894,0.990283,-0.020221,0.100322,0.0,0.0,1.0,65.93,0.0,0.0,0.7525,24.7,ALTA,0.8073,NORMAL,NAO,3.166,ALERTA,NAO,-1.3817,NORMAL,NAO,2.4234,ALERTA,NAO,-2.3244,-2.0986,-0.2472,
2024-08-06,8761,0.015766,0.011285,0.100623,-0.162231,1.392408,0.136623,0.248706,0.7794,68.28,0.1789,15.67,0.3564,31.22,1.0,0.0,ALTA,0.8114,NORMAL,NAO,0.0258,NORMAL,NAO,0.7058,NORMAL,NAO,-0.631,NORMAL,NAO,0.6009,-0.4567,0.9393,
2024-08-11,8757,-0.145986,0.007615,0.035191,-0.156157,1.377582,0.271266,0.114933,0.7758,67.94,0.1673,14.65,0.2525,22.11,0.9995,0.0,ALTA,-0.7282,NORMAL,NAO,-0.3367,NORMAL,NAO,-1.1018,NORMAL,NAO,-0.52,NORMAL,NAO,0.493,0.9528,-0.1304,
2024-08-16,8761,0.065577,0.015721,0.082038,-0.157128,1.376064,0.087495,0.381343,0.7859,68.85,0.1913,16.76,0.2524,22.11,1.0,0.0,ALTA,1.2856,NORMAL,NAO,0.4639,NORMAL,NAO,0.1924,NORMAL,NAO,-0.5377,NORMAL,NAO,0.482,-0.971,1.9999,
2024-08-21,1788,0.018535,0.013554,0.054366,-0.123432,1.289681,0.098152,-0.013291,0.5654,10.11,0.3809,6.81,0.2433,4.35,0.2041,79.6,BAIXA,0.8378,NORMAL,,0.2499,NORMAL,,-0.5721,NORMAL,,0.0781,NORMAL,,-0.1464,-0.8594,-1.1557,
2024-08-26,8604,-0.124538,0.005932,0.037313,-0.10812,1.250902,0.216914,0.128041,0.7795,67.07,0.1599,13.76,0.2456,21.13,0.9821,1.8,ALTA,-0.524,NORMAL,NAO,-0.5029,NORMAL,NAO,-1.0432,NORMAL,NAO,0.3579,NORMAL,NAO,-0.4285,0.3838,-0.0256,
2024-08-31,8088,-0.026301,0.008608,0.060469,-0.129091,1.300159,0.147463,0.190866,0.7877,63.71,0.17,13.75,0.2289,18.51,0.9232,7.7,ALTA,0.411,NORMAL,NAO,-0.2386,NORMAL,NAO,-0.4035,NORMAL,NAO,-0.0253,NORMAL,NAO,-0.0702,-0.3432,0.4768,
2024-09-10,2326,0.09523,0.02558,0.051937,-0.091535,1.201791,-0.00388,0.460457,0.6595,15.34,0.9248,21.51,0.0103,0.24,0.2655,73.5,BAIXA,1.881,ATENCAO,,1.7062,ATENCAO,,-1.362,NORMAL,,0.413,NORMAL,,-0.516,-2.7635,3.6882,Expansão de vegetação flutuante
2024-09-30,8512,-0.019946,0.01115,0.099049,-0.180769,1.448278,0.181954,0.067042,0.776,66.05,0.172,14.64,0.3368,28.67,0.9716,2.8,ALTA,0.5017,NORMAL,NAO,-0.084,NORMAL,NAO,-0.0009,NORMAL,NAO,-1.2295,NORMAL,NAO,1.3216,0.3687,-0.3293,
2024-10-20,162,0.161437,0.041905,0.065563,-0.044755,1.094847,-0.117747,0.008128,0.0,0.0,0.8951,1.45,0.179,0.29,0.0185,98.2,BAIXA,2.0212,ALERTA,,1.7771,ATENCAO,,-0.2272,NORMAL,,0.3999,NORMAL,,-0.492,-2.042,0.2291,Expansão de vegetação flutuante
2024-10-25,2434,-0.010784,0.023674,0.079116,-0.107001,1.251536,0.103676,0.019282,0.5731,13.95,0.3611,8.79,0.2765,6.73,0.2778,72.2,BAIXA,1.0458,NORMAL,,0.751,NORMAL,,0.1111,NORMAL,,-0.438,NORMAL,,0.4296,-0.7821,0.2683,
2024-10-30,5725,0.008086,0.018904,0.076598,-0.148432,1.363009,0.12324,-0.039385,0.6679,38.24,0.2603,14.9,0.291,16.66,0.6535,34.7,MEDIA,1.1526,NORMAL,NAO,0.4825,NORMAL,NAO,0.0483,NORMAL,NAO,-0.9957,NORMAL,NAO,1.0852,-0.6708,0.0622,
2024-11-14,1861,0.076909,0.024177,0.054821,-0.08478,1.187036,0.004131,0.061993,0.7109,13.23,0.2407,4.48,0.194,3.61,0.2124,78.8,BAIXA,0.9376,NORMAL,,0.1243,NORMAL,,-1.3475,NORMAL,,0.2825,NORMAL,,-0.4399,-1.2152,0.1827,
2024-11-24,8414,0.054388,0.032598,0.093886,-0.119864,1.291009,0.047335,-0.02688,0.5296,44.56,0.4071,34.25,0.3469,29.19,0.9604,4.0,ALTA,0.7222,NORMAL,NAO,0.6571,NORMAL,NAO,-0.1569,NORMAL,NAO,-0.2062,NORMAL,NAO,0.2308,-0.7029,-0.3375,
2024-11-29,153,0.115755,0.042485,0.06627,-0.080291,1.175652,-0.037373,0.110569,0.4641,0.71,0.6078,0.93,0.1438,0.22,0.0175,98.3,BAIXA,1.3093,NORMAL,,1.2827,NORMAL,,-0.9985,NORMAL,,0.345,NORMAL,,-0.5134,-1.7073,0.467,
2025-01-03,8246,-0.207315,0.00914,0.010096,-0.116941,1.271093,0.29119,-0.055458,0.7473,61.62,0.2191,18.07,0.2332,19.23,0.9412,5.9,ALTA,-2.7644,NORMAL,NAO,-1.2634,NORMAL,NAO,-3.5136,NORMAL,NAO,0.9766,NORMAL,NAO,-0.9906,2.2591,-1.8378,
2025-01-08,800,0.041852,0.023213,0.044596,-0.114777,1.261369,0.070533,0.244886,0.6838,5.47,0.3413,2.73,0.0925,0.74,0.0913,90.9,BAIXA,1.5944,ATENCAO,,0.0164,NORMAL,,-2.4426,NORMAL,,1.0855,NORMAL,,-1.1706,-1.499,3.6975,
2025-01-13,321,0.241203,0.066778,0.054108,-0.077447,1.171209,-0.167936,0.138755,0.0,0.0,0.9408,3.02,0.2274,0.73,0.0366,96.3,BAIXA,5.0817,ALERTA,,3.9783,ALERTA,,-2.1474,NORMAL,,2.9637,ALERTA,,-2.8396,-5.5605,1.7415,Expansão de vegetação flutuante
2025-01-18,792,0.177498,0.04928,0.085055,-0.093564,1.217788,-0.087927,0.116712,0.3346,2.65,0.5922,4.69,0.3914,3.1,0.0904,91.0,BAIXA,3.9673,ALERTA,,2.387,ALERTA,,-1.1867,NORMAL,,2.1528,ALERTA,,-1.9774,-4.1978,1.3353,Expansão de vegetação flutuante
2025-01-23,8591,0.004115,0.020274,0.177534,-0.241006,1.645456,0.198587,-0.050891,0.7249,62.28,0.2313,19.87,0.6705,57.6,0.9806,1.9,ALTA,0.9342,NORMAL,NAO,-0.2509,NORMAL,NAO,1.6839,ATENCAO,NAO,-5.2655,NORMAL,NAO,5.939,0.6819,-1.7537,
2025-02-12,8635,0.14294,0.027378,0.331672,-0.305325,1.908738,0.133137,0.03786,0.6904,59.62,0.2779,24.0,0.9773,84.39,0.9856,1.4,ALTA,0.7777,NORMAL,NAO,-0.2522,NORMAL,NAO,5.5555,ALERTA,NAO,-4.9261,NORMAL,NAO,6.6028,0.2287,-0.4548,
2025-02-22,1006,0.34405,0.105483,0.137543,-0.083555,1.193805,-0.270567,0.144494,0.002,0.02,0.9732,9.79,0.7435,7.48,0.1148,88.5,BAIXA,1.9786,ATENCAO,,1.3616,NORMAL,,0.1226,NORMAL,,1.3745,NORMAL,,-1.3515,-1.9467,0.8729,
2025-03-04,2982,0.248437,0.069132,0.171981,-0.103751,1.252821,-0.161063,0.040644,0.2223,6.63,0.6901,20.58,0.663,19.77,0.3404,66.0,MEDIA,3.098,ALERTA,NAO,11.8047,ALERTA,NAO,0.5218,NORMAL,NAO,1.7629,ATENCAO,NAO,-1.4288,-3.2926,-0.4472,Expansão de vegetação flutuante
2025-03-09,8655,0.17579,0.038468,0.25266,-0.223709,1.592455,0.017865,0.1354,0.568,49.16,0.3896,33.72,0.8805,76.21,0.9879,1.2,ALTA,2.1478,ALERTA,SIM,4.4882,ALERTA,SIM,2.5112,ALERTA,NAO,-3.0105,NORMAL,NAO,3.3224,-1.1561,0.6214,Expansão de vegetação flutuante
2025-03-14,1904,0.086072,0.029504,0.161158,-0.126657,1.304154,0.034306,0.047007,0.552,10.51,0.417,7.94,0.8241,15.69,0.2173,78.3,BAIXA,0.9744,NORMAL,,2.3494,ALERTA,,0.2549,NORMAL,,0.8514,NORMAL,,-0.7107,-0.9598,-0.3754,
2025-03-19,4864,0.231905,0.066553,0.305771,-0.227709,1.626594,-0.031074,0.303829,0.4973,24.19,0.499,24.27,0.9603,46.71,0.5552,44.5,MEDIA,2.8818,ALERTA,SIM,11.1893,ALERTA,SIM,3.8208,ALERTA,SIM,-3.1696,NORMAL,NAO,3.8,-1.7405,2.5209,Expansão de vegetação flutuante
2025-03-26,563,0.227653,0.065978,0.154936,-0.106802,1.247324,-0.126064,0.139402,0.1687,0.95,0.8792,4.95,0.849,4.78,0.0643,93.6,BAIXA,2.8262,ALERTA,,11.0521,ALERTA,,0.1015,NORMAL,,1.6415,ATENCAO,,-1.5057,-2.8747,0.6666,Expansão de vegetação flutuante
2025-03-29,5476,0.258632,0.076826,0.125281,-0.062999,1.145681,-0.200932,0.034529,0.0756,4.14,0.8042,44.04,0.6514,35.67,0.625,37.5,MEDIA,3.2314,ALERTA,SIM,13.6405,ALERTA,SIM,-0.6297,NORMAL,NAO,3.3845,ALERTA,NAO,-2.9276,-3.7686,-0.5161,Expansão de vegetação flutuante
2025-04-03,2212,0.377888,0.075811,0.171671,-0.045942,1.105292,-0.34203,0.060614,0.0,0.0,0.9358,20.7,0.8924,19.74,0.2525,74.8,BAIXA,3.1554,ALERTA,,3.5382,ALERTA,,0.0123,NORMAL,,1.2322,NORMAL,,-1.171,-7.8207,-1.1405,Expansão de vegetação flutuante
2025-04-08,8624,0.106118,0.040903,0.148917,-0.099955,1.225368,-0.021763,0.175747,0.6167,53.18,0.3488,30.08,0.4849,41.82,0.9844,1.6,ALTA,0.6453,NORMAL,NAO,1.0948,NORMAL,NAO,-0.2065,NORMAL,NAO,0.5147,NORMAL,NAO,-0.6166,-1.963,0.2296,
2025-04-15,665,0.152657,0.034413,0.078708,-0.086742,1.194178,-0.069546,0.051865,0.2707,1.8,0.6226,4.14,0.3519,2.34,0.0759,92.4,BAIXA,1.0752,NORMAL,,0.6406,NORMAL,,-0.8816,NORMAL,,0.6902,NORMAL,,-0.7606,-2.837,-1.2447,
2025-04-18,7653,0.197063,0.065444,0.167263,-0.113208,1.283231,-0.093742,0.112775,0.3043,23.29,0.6725,51.47,0.6668,51.03,0.8735,12.6,ALTA,1.4853,NORMAL,NAO,2.8125,ALERTA,NAO,-0.0301,NORMAL,NAO,0.3387,NORMAL,NAO,-0.3495,-3.2795,-0.5198,
2025-04-28,5000,0.333468,0.082511,0.263575,-0.139078,1.355384,-0.21184,0.120539,0.1974,9.87,0.7694,38.47,0.9108,45.54,0.5707,42.9,MEDIA,2.7451,ALERTA,NAO,4.0071,ALERTA,SIM,0.896,NORMAL,NAO,-0.005,NORMAL,NAO,-0.0164,-5.4395,-0.4274,Expansão de vegetação flutuante
2025-05-03,8761,0.314381,0.041303,0.366091,-0.214054,1.57148,-0.118844,0.211714,0.5213,45.67,0.4181,36.63,0.9566,83.81,1.0,0.0,ALTA,2.6936,ALERTA,SIM,1.5204,ATENCAO,NAO,4.7118,ALERTA,NAO,-1.6881,NORMAL,NAO,1.9469,-2.326,0.5144,Expansão de vegetação flutuante
2025-05-23,200,0.135207,0.033894,-0.008922,-0.051241,1.108744,-0.084633,0.094321,0.0,0.0,0.855,1.71,0.0,0.0,0.0228,97.7,BAIXA,1.3086,NORMAL,,1.0485,NORMAL,,-1.6592,NORMAL,,0.7653,NORMAL,,-0.8521,-1.9933,-0.4465,
2025-05-25,4219,0.252547,0.060472,0.142586,-0.120485,1.292212,-0.149448,0.08652,0.2754,11.62,0.6558,27.67,0.6122,25.83,0.4816,51.8,MEDIA,2.2156,ALERTA,SIM,2.7414,ALERTA,NAO,0.9147,NORMAL,NAO,-0.2782,NORMAL,NAO,0.2577,-2.6236,-0.5104,Expansão de vegetação flutuante
2025-06-12,7556,0.287849,0.110509,0.202497,-0.10036,1.258937,-0.224378,0.331657,0.2845,21.5,0.6822,51.55,0.6207,46.9,0.8625,13.8,ALTA,3.0921,ALERTA,SIM,6.8653,ALERTA,SIM,3.3664,ALERTA,NAO,-0.3865,NORMAL,NAO,0.532,-3.0662,1.2473,Expansão de vegetação flutuante
2025-06-17,8761,0.049914,0.065622,0.146556,-0.101474,1.275782,0.003,0.344265,0.5894,51.64,0.3827,33.53,0.3913,34.28,1.0,0.0,ALTA,1.2027,NORMAL,NAO,3.7663,ALERTA,SIM,2.1391,ALERTA,SIM,-0.4058,NORMAL,NAO,0.6526,-1.2768,1.3564,
2025-06-27,476,0.237859,0.069303,0.106315,-0.060851,1.132292,-0.181457,0.183184,0.1071,0.51,0.8761,4.17,0.5483,2.61,0.0543,94.6,BAIXA,2.6952,ALERTA,,4.0205,ALERTA,,1.2561,NORMAL,,0.2991,NORMAL,,-0.3749,-2.7284,-0.0365,Expansão de vegetação flutuante
2025-07-07,1911,0.162532,0.066424,0.041852,-0.055605,1.124743,-0.109432,0.074968,0.1491,2.85,0.8184,15.64,0.1491,2.85,0.2181,78.2,BAIXA,1.5242,ATENCAO,,2.5892,ALERTA,,-0.5592,NORMAL,,0.7367,NORMAL,,-0.785,-1.5496,-0.47,Expansão de vegetação flutuante
2025-07-12,3992,0.403553,0.108437,0.197403,-0.118832,1.28204,-0.307517,0.172567,0.119,4.75,0.8525,34.03,0.764,30.5,0.4557,54.4,MEDIA,3.3869,ALERTA,NAO,4.9819,ALERTA,SIM,2.7616,ALERTA,SIM,-0.3457,NORMAL,NAO,0.3262,-2.9017,0.637,Expansão de vegetação flutuante
2025-07-22,8761,0.254269,0.069855,0.130815,-0.082925,1.193932,-0.179569,0.119374,0.1598,14.0,0.7277,63.75,0.5349,46.86,1.0,0.0,ALTA,2.2332,ALERTA,SIM,2.7846,ALERTA,SIM,1.3401,NORMAL,NAO,0.269,NORMAL,NAO,-0.2962,-2.0284,0.0337,Expansão de vegetação flutuante
2025-08-01,8761,0.488133,0.130276,0.372948,-0.225264,1.596106,-0.339792,0.306139,0.2849,24.96,0.6717,58.85,0.8691,76.14,1.0,0.0,ALTA,5.3076,ALERTA,SIM,11.7775,ALERTA,SIM,8.2289,ALERTA,NAO,-1.7829,NORMAL,NAO,2.0827,-5.4439,1.3985,Expansão de vegetação flutuante
2025-08-13,8761,0.68124,0.209073,0.416768,-0.213937,1.551188,-0.564556,0.471552,0.0716,6.27,0.9119,79.89,0.9454,82.83,1.0,0.0,ALTA,7.1456,ALERTA,SIM,19.5596,ALERTA,SIM,9.4394,ALERTA,SIM,-1.5759,NORMAL,NAO,1.7559,-7.7968,2.7212,Expansão de vegetação flutuante
2025-08-16,2594,0.56261,0.232484,0.239489,-0.148686,1.36073,-0.45906,0.370577,0.0,0.0,1.0,25.94,0.9329,24.2,0.2961,70.4,BAIXA,6.0165,ALERTA,,21.8717,ALERTA,,4.542,ALERTA,,-0.3834,NORMAL,,0.3704,-6.6925,1.9138,Expansão de vegetação flutuante
2025-08-21,8761,0.648061,0.190573,0.412428,-0.185301,1.460457,-0.53539,0.386068,0.054,4.73,0.9207,80.66,0.9744,85.37,1.0,0.0,ALTA,6.8298,ALERTA,SIM,17.7325,ALERTA,SIM,9.3195,ALERTA,SIM,-1.0526,NORMAL,NAO,1.0959,-7.4915,2.0377,Expansão de vegetação flutuante
2025-08-31,685,0.484109,0.132562,0.226202,-0.083057,1.188658,-0.421597,0.24619,0.0,0.0,1.0,6.85,0.9036,6.19,0.0782,92.2,BAIXA,5.2693,ALERTA,,12.0032,ALERTA,,4.175,ALERTA,,0.816,NORMAL,,-0.8813,-6.3003,0.9192,Expansão de vegetação flutuante
2025-09-10,8714,0.784273,0.280084,0.515482,-0.218989,1.566957,-0.687487,0.473263,0.0071,0.62,0.9878,86.08,0.9908,86.34,0.9946,0.5,ALTA,10.1325,ALERTA,SIM,33.2788,ALERTA,SIM,12.03,ALERTA,SIM,-1.933,NORMAL,NAO,2.2063,-14.2856,3.819,Expansão de vegetação flutuante
2025-09-20,4810,0.693453,0.243268,0.424925,-0.114029,1.265712,-0.635299,0.304275,0.0,0.0,1.0,48.1,1.0,48.1,0.549,45.1,MEDIA,9.0449,ALERTA,SIM,28.7116,ALERTA,SIM,9.4138,ALERTA,SIM,-0.0011,NORMAL,NAO,-0.0394,-13.4059,2.0933,Expansão de vegetação flutuante
2025-09-25,1192,0.72463,0.381865,0.376202,-0.190333,1.475253,-0.623866,0.440517,0.0,0.0,1.0,11.92,0.9966,11.88,0.1361,86.4,BAIXA,9.4183,ALERTA,,45.9053,ALERTA,,8.0061,ALERTA,,-1.4056,NORMAL,,1.5226,-13.2132,3.4846,Expansão de vegetação flutuante
2025-10-05,6270,0.794452,0.325091,0.475725,-0.178663,1.44262,-0.718521,0.405378,0.0003,0.02,0.9982,62.59,0.9998,62.69,0.7157,28.4,ALTA,5.6064,ALERTA,SIM,17.7158,ALERTA,SIM,10.0109,ALERTA,SIM,-1.4027,NORMAL,NAO,1.5534,-5.4604,1.6245,Expansão de vegetação flutuante
2025-10-15,8757,0.760817,0.264173,0.439217,-0.169334,1.411342,-0.683966,0.360506,0.017,1.49,0.979,85.73,0.9828,86.06,0.9995,0.0,ALTA,5.4159,ALERTA,SIM,14.2871,ALERTA,SIM,9.0996,ALERTA,SIM,-1.2771,NORMAL,NAO,1.3694,-5.2638,1.4668,Expansão de vegetação flutuante
2025-11-01,1874,0.533904,0.21554,0.229402,-0.075211,1.164225,-0.479236,0.253184,0.0,0.0,1.0,18.74,0.9781,18.33,0.2139,78.6,BAIXA,5.3096,ALERTA,,12.2326,ALERTA,,3.9732,ALERTA,,0.4157,NORMAL,,-0.5871,-6.9463,1.3017,Expansão de vegetação flutuante
2025-11-04,126,0.419936,0.200679,0.153394,-0.07385,1.160982,-0.357917,0.260767,0.0,0.0,1.0,1.26,0.9444,1.19,0.0144,98.6,BAIXA,4.2193,ALERTA,,11.2923,ALERTA,,1.6567,ATENCAO,,0.4347,NORMAL,,-0.608,-5.5079,1.346,Expansão de vegetação flutuante
2025-11-14,425,0.413521,0.106859,0.162917,-0.040137,1.093878,-0.3865,0.193041,0.0,0.0,0.9906,4.21,0.6918,2.94,0.0485,95.1,BAIXA,4.1579,ALERTA,,5.3559,ALERTA,,1.947,ATENCAO,,0.9042,NORMAL,,-1.0409,-5.8468,0.9497,Expansão de vegetação flutuante
2025-11-19,8708,0.684059,0.231272,0.431952,-0.088005,1.198607,-0.639853,0.358863,0.0277,2.41,0.9384,81.72,0.9606,83.65,0.994,0.6,ALTA,6.7461,ALERTA,SIM,13.228,ALERTA,SIM,10.1463,ALERTA,SIM,0.2375,NORMAL,NAO,-0.3653,-8.8507,1.9202,Expansão de vegetação flutuante
2025-11-21,8736,0.662553,0.211909,0.364139,-0.04357,1.097038,-0.6401,0.315402,0.0449,3.92,0.9386,82.0,0.946,82.64,0.9971,0.3,ALTA,6.5403,ALERTA,SIM,12.0028,ALERTA,SIM,8.0796,ALERTA,SIM,0.8564,NORMAL,NAO,-1.0205,-8.8537,1.6658,Expansão de vegetação flutuante
2025-11-29,8688,0.649952,0.175256,0.392312,-0.019888,1.048899,-0.640387,0.322888,0.0193,1.68,0.9665,83.97,0.9747,84.68,0.9917,0.8,ALTA,6.4198,ALERTA,SIM,9.6837,ALERTA,SIM,8.9382,ALERTA,SIM,1.1863,NORMAL,NAO,-1.3311,-8.8571,1.7096,Expansão de vegetação flutuante
2025-12-04,3958,0.51741,0.179295,0.228799,-0.042869,1.09363,-0.488293,0.272854,0.0,0.0,0.9932,39.31,0.8737,34.58,0.4518,54.8,MEDIA,3.3202,ALERTA,SIM,13.6683,ALERTA,SIM,1.8066,ATENCAO,NAO,0.9931,NORMAL,NAO,-1.1329,-4.0349,1.0898,Expansão de vegetação flutuante
2025-12-11,4594,0.365611,0.116417,0.194602,-0.094765,1.225726,-0.296723,0.19902,0.3378,15.52,0.6019,27.65,0.6223,28.59,0.5244,47.6,MEDIA,2.5342,ALERTA,SIM,8.2548,ALERTA,SIM,1.1967,NORMAL,NAO,0.3305,NORMAL,NAO,-0.3992,-2.9255,0.8557,Expansão de vegetação flutuante
2025-12-14,7618,0.506027,0.103178,0.277994,-0.102727,1.243242,-0.437047,0.227333,0.118,8.99,0.7709,58.73,0.8672,66.06,0.8695,13.0,ALTA,3.2613,ALERTA,SIM,7.115,ALERTA,SIM,2.684,ALERTA,NAO,0.2288,NORMAL,NAO,-0.302,-3.7381,0.9455,Expansão de vegetação flutuante
2025-12-19,8686,0.515831,0.082442,0.318633,-0.1026,1.244567,-0.447238,0.091753,0.0721,6.26,0.5868,50.97,0.8929,77.56,0.9914,0.9,ALTA,3.312,ALERTA,SIM,5.3298,ALERTA,SIM,3.4088,ALERTA,SIM,0.2304,NORMAL,NAO,-0.2946,-3.7971,0.5155,Expansão de vegetação flutuante
2025-12-24,2971,0.331119,0.066057,0.188959,-0.126434,1.303016,-0.228814,0.109504,0.2864,8.51,0.5207,15.47,0.6685,19.86,0.3391,66.1,MEDIA,2.3556,ALERTA,SIM,3.9191,ALERTA,SIM,1.0961,NORMAL,NAO,-0.0739,NORMAL,NAO,0.03,-2.5322,0.5718,Expansão de vegetação flutuante
2025-12-31,561,0.356032,0.072531,0.190658,-0.072509,1.212133,-0.305186,0.003462,0.0873,0.49,0.7415,4.16,0.713,4.0,0.064,93.6,BAIXA,2.4846,ALERTA,,4.4765,ALERTA,,1.1264,NORMAL,,0.6146,NORMAL,,-0.4747,-2.9745,0.2355,Expansão de vegetação flutuante
2026-01-03,8715,0.309528,0.056906,0.292575,-0.208707,1.551732,-0.152144,0.010853,0.4443,38.72,0.3626,31.6,0.9176,79.97,0.9947,0.5,ALTA,6.277,ALERTA,SIM,3.0805,ALERTA,SIM,5.255,ALERTA,NAO,-3.6404,NORMAL,NAO,4.2041,-5.2915,-0.6157,Expansão de vegetação flutuante
2026-01-08,2080,-0.051258,0.011115,0.043552,-0.153232,1.372318,0.17997,-0.163681,0.7159,14.89,0.151,3.14,0.2606,5.42,0.2374,76.3,BAIXA,-0.0344,NORMAL,,-1.0838,NORMAL,,-2.475,NORMAL,,-0.8493,NORMAL,,0.8831,0.3648,-3.8324,
2026-01-13,2924,0.051678,0.082414,0.228105,-0.144659,1.37251,0.019502,-0.187617,0.3437,10.05,0.5882,17.2,0.8034,23.49,0.3338,66.6,MEDIA,1.7663,ATENCAO,NAO,5.4003,ALERTA,SIM,3.2537,ALERTA,SIM,-0.418,NORMAL,NAO,0.8866,-2.3682,-4.2735,Expansão de vegetação flutuante
2026-01-23,471,0.27147,0.082386,0.079292,-0.069141,1.150406,-0.206647,0.148249,0.0127,0.06,0.9724,4.58,0.3142,1.48,0.0538,94.6,BAIXA,5.6112,ALERTA,,5.3978,ALERTA,,-1.3656,NORMAL,,3.3816,ALERTA,,-3.2246,-6.2198,1.9165,Expansão de vegetação flutuante
2026-01-28,6891,0.112932,0.037929,0.190992,-0.229992,1.619751,0.085215,0.080616,0.6236,42.97,0.3325,22.91,0.7556,52.07,0.7866,21.3,ALTA,2.8378,ALERTA,NAO,1.3547,NORMAL,NAO,2.1017,ALERTA,SIM,-4.7114,NORMAL,NAO,5.4632,-1.249,0.67,
2026-02-07,7750,0.253778,0.074029,0.190354,-0.185165,1.482306,-0.091384,0.168489,0.412,31.93,0.5752,44.58,0.8972,69.53,0.8846,11.5,ALTA,1.4396,NORMAL,NAO,0.7117,NORMAL,NAO,1.6006,ATENCAO,NAO,-1.5123,NORMAL,NAO,1.8583,-0.9812,1.1717,
2026-02-12,5004,0.012082,0.026461,0.070176,-0.195433,1.501709,0.152761,0.034391,0.6305,31.55,0.3116,15.59,0.2746,13.74,0.5712,42.9,MEDIA,-0.0036,NORMAL,NAO,-0.2711,NORMAL,NAO,-1.7627,NORMAL,NAO,-1.804,NORMAL,NAO,2.0742,0.3344,-0.498,
2026-02-17,5966,0.394366,0.130684,0.163142,-0.056716,1.14139,-0.351355,0.093133,0.0087,0.52,0.92,54.89,0.8662,51.68,0.681,31.9,MEDIA,2.2791,ALERTA,NAO,1.8823,ATENCAO,NAO,0.839,NORMAL,NAO,2.1371,ALERTA,NAO,-1.9347,-2.382,0.2334,Expansão de vegetação flutuante
2026-03-04,8176,0.1085,0.034149,0.178208,-0.174817,1.435368,0.043185,0.111364,0.5919,48.39,0.3474,28.4,0.8291,67.79,0.9332,6.7,ALTA,1.2677,NORMAL,NAO,3.4577,ALERTA,NAO,0.6753,NORMAL,NAO,-1.065,NORMAL,NAO,1.1249,-0.8538,0.3504,
2026-03-19,1187,0.089481,0.022862,0.079341,-0.091558,1.206385,-9.3e-05,0.002,0.4372,5.19,0.4575,5.43,0.358,4.25,0.1355,86.5,BAIXA,1.019,NORMAL,,0.7646,NORMAL,,-1.7625,NORMAL,,2.2481,ALERTA,,-2.0784,-1.3705,-0.883,
2026-03-29,8618,0.011139,0.022559,0.236649,-0.264659,1.737503,0.208704,-0.040896,0.7321,63.09,0.2281,19.66,0.9538,82.2,0.9837,1.6,ALTA,-0.0057,NORMAL,NAO,0.6923,NORMAL,NAO,2.1164,ALERTA,NAO,-4.64,NORMAL,NAO,5.3516,1.1226,-1.3668,
2026-04-03,5442,0.047193,0.025493,0.266414,-0.221833,1.576797,0.142881,0.1554,0.7194,39.15,0.2416,13.15,0.9961,54.21,0.6212,37.9,MEDIA,0.1011,NORMAL,NAO,0.0162,NORMAL,NAO,0.9233,NORMAL,NAO,-1.1042,NORMAL,NAO,1.0059,1.0484,-0.0126,
2026-04-18,4229,0.015516,0.024565,0.265372,-0.225124,1.603085,0.177792,0.112707,0.681,28.8,0.2691,11.38,0.9508,40.21,0.4827,51.7,MEDIA,-0.1915,NORMAL,NAO,-0.0487,NORMAL,NAO,0.9132,NORMAL,NAO,-1.1479,NORMAL,NAO,1.1272,1.6869,-0.5206,
2026-04-20,574,0.314875,0.079626,0.177177,-0.112043,1.266332,-0.219132,0.097664,0.1899,1.09,0.7718,4.43,0.7265,4.17,0.0655,93.4,BAIXA,2.5734,ALERTA,,3.8052,ALERTA,,0.0652,NORMAL,,0.3541,NORMAL,,-0.4275,-5.5729,-0.6996,Expansão de vegetação flutuante
2026-04-23,8761,0.035917,0.024783,0.258311,-0.222437,1.579705,0.15543,0.209894,0.7072,61.96,0.2644,23.16,0.989,86.65,1.0,0.0,ALTA,-0.0031,NORMAL,NAO,-0.0335,NORMAL,NAO,0.8453,NORMAL,NAO,-1.1122,NORMAL,NAO,1.0193,1.2779,0.6359,
2026-05-03,263,0.079208,0.020056,0.055618,-0.091155,1.203462,0.011753,0.083082,0.4867,1.28,0.4563,1.2,0.1445,0.38,0.03,97.0,BAIXA,0.8758,NORMAL,,0.167,NORMAL,,-0.5627,NORMAL,,0.1638,NORMAL,,-0.2792,-1.0561,-0.5385,
2026-05-10,117,-0.01956,0.007916,0.032307,0.041701,0.92312,-0.021812,0.249601,0.6239,0.73,0.2991,0.35,0.1111,0.13,0.0134,98.7,BAIXA,0.1123,NORMAL,,-0.6063,NORMAL,,-0.9587,NORMAL,,2.1658,ALERTA,,-1.9749,-1.3825,0.8246,
2026-05-28,8179,-0.163907,0.002805,0.03145,-0.034918,1.089664,0.187845,0.201094,0.6954,56.88,0.2553,20.88,0.2034,16.64,0.9336,6.6,ALTA,-1.0034,NORMAL,NAO,-0.9318,NORMAL,NAO,-0.9733,NORMAL,NAO,1.0112,NORMAL,NAO,-0.9675,0.6562,0.4275,
2026-05-30,4641,0.151777,0.045159,0.071812,-0.016774,1.037333,-0.1361,0.060276,0.0959,4.45,0.7619,35.36,0.1717,7.97,0.5297,47.0,MEDIA,1.4367,NORMAL,NAO,1.766,ATENCAO,NAO,-0.2876,NORMAL,NAO,1.2846,NORMAL,NAO,-1.2841,-2.4938,-0.7252,
2026-06-02,1734,0.098146,0.024007,0.058274,-0.095826,1.217601,-0.005064,0.04503,0.3385,5.87,0.5415,9.39,0.2174,3.77,0.1979,80.2,BAIXA,1.5857,ATENCAO,,0.8933,NORMAL,,0.2021,NORMAL,,-0.3078,NORMAL,,0.236,-1.3403,-1.2311,
2026-06-17,8761,-0.064366,0.017551,0.06642,-0.205392,1.536918,0.219582,-0.032555,0.7231,63.35,0.2108,18.47,0.3212,28.14,1.0,0.0,ALTA,0.2951,NORMAL,NAO,0.4476,NORMAL,NAO,0.3808,NORMAL,NAO,-2.209,NORMAL,NAO,2.5224,0.4276,-1.9019,
2026-06-22,6892,0.066939,0.01728,0.09026,-0.112249,1.263795,0.036987,0.186302,0.7012,48.33,0.2262,15.59,0.2986,20.58,0.7867,21.3,ALTA,1.3379,NORMAL,NAO,0.4288,NORMAL,NAO,0.9039,NORMAL,NAO,-0.5928,NORMAL,NAO,0.5667,-1.0094,-0.0095,
2026-07-07,8761,-0.299017,-0.00823,-0.037524,-0.042727,1.096386,0.327281,0.244699,0.7939,69.55,0.1721,15.08,0.1728,15.14,1.0,0.0,ALTA,-2.0428,NORMAL,NAO,-1.6625,NORMAL,NAO,-2.2538,NORMAL,NAO,0.9572,NORMAL,NAO,-0.9853,1.4313,1.4551,
2026-07-09,8761,-0.27806,-0.004283,-0.014205,-0.075361,1.168889,0.33127,0.292781,0.7925,69.43,0.1763,15.45,0.1808,15.84,1.0,0.0,ALTA,-1.8808,NORMAL,NAO,-1.4377,NORMAL,NAO,-1.7559,NORMAL,NAO,0.3985,NORMAL,NAO,-0.4731,1.4585,2.0004,
2026-07-12,6714,-0.191081,-0.001839,0.040554,-0.031146,1.073926,0.215482,0.381573,0.7018,47.12,0.2665,17.89,0.1997,13.41,0.7664,23.4,ALTA,-1.2086,NORMAL,NAO,-1.2985,NORMAL,NAO,-0.5869,NORMAL,NAO,1.1554,NORMAL,NAO,-1.144,0.6682,3.0075,
2026-07-17,8761,-0.269775,-0.008588,-0.027009,-0.05476,1.126626,0.309201,0.173661,0.8024,70.3,0.1654,14.49,0.1749,15.32,1.0,0.0,ALTA,-1.8168,NORMAL,NAO,-1.6828,NORMAL,NAO,-2.0293,NORMAL,NAO,0.7512,NORMAL,NAO,-0.7717,1.3079,0.6494,
2026-07-19,8761,-0.257798,-0.003019,-0.015507,-0.091437,1.208115,0.324567,0.196874,0.7989,69.99,0.1704,14.93,0.1807,15.83,1.0,0.0,ALTA,-1.7242,NORMAL,NAO,-1.3657,NORMAL,NAO,-1.7837,NORMAL,NAO,0.1233,NORMAL,NAO,-0.196,1.4128,0.9127,
2026-08-01,8761,-0.145416,0.00464,0.051321,-0.120581,1.285683,0.245605,0.289872,0.7837,68.66,0.187,16.38,0.2265,19.84,1.0,0.0,ALTA,-0.7227,NORMAL,NAO,-0.6305,NORMAL,NAO,-0.6562,NORMAL,NAO,0.1302,NORMAL,NAO,-0.1755,0.6842,1.2685,
2026-08-21,1696,0.226798,0.071609,0.082477,-0.052225,1.119897,-0.180243,0.080629,0.1392,2.36,0.7665,13.0,0.3868,6.56,0.1936,80.6,BAIXA,2.8201,ALERTA,,5.9834,ALERTA,,0.2045,NORMAL,,1.3795,NORMAL,,-1.3815,-3.7737,-0.4047,Expansão de vegetação flutuante
2026-08-28,5864,0.100977,0.017582,0.089263,-0.118428,1.270493,0.013232,0.051312,0.7365,43.19,0.1947,11.42,0.2669,15.65,0.6693,33.1,MEDIA,1.6225,ATENCAO,NAO,0.6477,NORMAL,NAO,0.392,NORMAL,NAO,0.1696,NORMAL,NAO,-0.286,-1.7484,-0.6391,
2026-09-15,2125,-0.181865,-0.005026,-0.006209,-0.028693,1.065593,0.205853,0.125006,0.6758,14.36,0.2725,5.79,0.1576,3.35,0.2426,75.7,BAIXA,-1.4373,NORMAL,,-2.0907,NORMAL,,-3.0419,NORMAL,,1.5697,ATENCAO,,-1.5313,0.7715,0.2626,
2026-09-17,1451,-0.228087,-0.01059,-0.043025,-0.092192,1.205195,0.305902,0.134707,0.8429,12.23,0.1337,1.94,0.0841,1.22,0.1656,83.4,BAIXA,-1.9908,NORMAL,,-2.7809,NORMAL,,-4.1055,NORMAL,,0.4009,NORMAL,,-0.4906,2.4578,0.3617,
